Comercio,Rubro,Teléfono,Dirección,Rating,Tiene Web,Solución Sugerida,Google Maps
leitokids peluquería infantil,Barbería / Peluquería,011 5754-8677,"Pje. Craig 826, C1424 Cdad. Autónoma de Buenos Aires",4.9,NO,Sistema de Turnos Online,"https://www.google.com/maps/place/leitokids+peluquer%C3%ADa+infantil/@-34.633194,-58.4401622,16z/data=!4m11!1m3!2m2!1sbarberias+en+caballito+caba!6e1!3m6!1s0x95bccb5333cdef11:0x61961879e0fed3b0!8m2!3d-34.6285638!4d-58.434625!15sChtiYXJiZXJpYXMgZW4gY2FiYWxsaXRvIGNhYmFaHSIbYmFyYmVyaWFzIGVuIGNhYmFsbGl0byBjYWJhkgEKaGFpcl9zYWxvbpoBJENoZERTVWhOTUc5blMwVkpRMEZuU1VNdGFFdFBTRGRuUlJBQuABAPoBBAgAEEQ!16s%2Fg%2F11h0zgjgc0?entry=ttu&g_ep=EgoyMDI2MDkyOS4wIKXMDSoASAFQAw%3D%3D"
Maximos barberia,Barbería / Peluquería,011 4546-1834,"Riglos 573, C1424 Cdad. Autónoma de Buenos Aires",4.7,NO,Sistema de Turnos Online,"https://www.google.com/maps/place/Maximos+barberia/@-34.625388,-58.4454336,16z/data=!4m11!1m3!2m2!1sbarberias+en+caballito+caba!6e1!3m6!1s0x95bccb8b89fb2105:0x8b5b9a79f228d2df!8m2!3d-34.625388!4d-58.4364214!15sChtiYXJiZXJpYXMgZW4gY2FiYWxsaXRvIGNhYmFaHSIbYmFyYmVyaWFzIGVuIGNhYmFsbGl0byBjYWJhkgELYmFyYmVyX3Nob3CaASRDaGREU1VoTk1HOW5TMFZKUTBGblNVUXpNSFp0T1hkQlJSQULgAQD6AQQIABAq!16s%2Fg%2F11j59qhdmy?entry=ttu&g_ep=EgoyMDI2MDkyOS4wIKXMDSoASAFQAw%3D%3D"
Blue Peluqueria - Unisex,Barbería / Peluquería,011 5504-2611,"Av. José María Moreno 789, C1426 Cdad. Autónoma de Buenos Aires",4.5,NO,Sistema de Turnos Online,"https://www.google.com/maps/place/Blue+Peluqueria+-+Unisex/@-34.6234798,-58.4434193,16z/data=!4m11!1m3!2m2!1sbarberias+en+caballito+caba!6e1!3m6!1s0x95bccb29da6b451f:0xd549e7e7577f9ac8!8m2!3d-34.6277207!4d-58.4340864!15sChtiYXJiZXJpYXMgZW4gY2FiYWxsaXRvIGNhYmFaHSIbYmFyYmVyaWFzIGVuIGNhYmFsbGl0byBjYWJhkgEMYmVhdXR5X3NhbG9umgEkQ2hkRFNVaE5NRzluUzBWSlEwRm5TVU14ZVUwMmRYaDNSUkFC4AEA-gEECAAQSA!16s%2Fg%2F11j2lskfyr?entry=ttu&g_ep=EgoyMDI2MDkyOS4wIKXMDSoASAFQAw%3D%3D"
Adriano Il Barbiere,Barbería / Peluquería,011 3871-8138,"Av. Pedro Goyena 360, C1424 C1424BSN, Cdad. Autónoma de Buenos Aires",4.6,NO,Sistema de Turnos Online,"https://www.google.com/maps/place/Adriano+Il+Barbiere/@-34.6234798,-58.4434193,16z/data=!4m11!1m3!2m2!1sbarberias+en+caballito+caba!6e1!3m6!1s0x95bccbd7352c0d05:0x5dc794aa82a9ea92!8m2!3d-34.6257771!4d-58.4322707!15sChtiYXJiZXJpYXMgZW4gY2FiYWxsaXRvIGNhYmFaHSIbYmFyYmVyaWFzIGVuIGNhYmFsbGl0byBjYWJhkgELYmFyYmVyX3Nob3CaASRDaGREU1VoTk1HOW5TMFZKUTBGblNVUndjaTFoT0RkUlJSQULgAQD6AQQIOhAe!16s%2Fg%2F11h8j7xr7w?entry=ttu&g_ep=EgoyMDI2MDkyOS4wIKXMDSoASAFQAw%3D%3D"
Rotisería Vicente,Gastronomía / Rotisería,011 4983-0008,"Venezuela 3829, C1211 Cdad. Autónoma de Buenos Aires",4.4,NO,Carta Digital & Pedidos WhatsApp,"https://www.google.com/maps/place/Rotiser%C3%ADa+Vicente/@-34.617495,-58.456095,14z/data=!4m11!1m3!2m2!1srotiserias+en+almagro+caba!6e5!3m6!1s0x95bcca5834be1595:0x6d097491cf4ae1cf!8m2!3d-34.617495!4d-58.4200461!15sChpyb3Rpc2VyaWFzIGVuIGFsbWFncm8gY2FiYVocIhpyb3Rpc2VyaWFzIGVuIGFsbWFncm8gY2FiYZIBCnJlc3RhdXJhbnSaASRDaGREU1VoTk1HOW5TMFZKUTBGblNVTXhORGsyZHpsUlJSQULgAQD6AQQIIRA-!16s%2Fg%2F11g699c0zz?entry=ttu&g_ep=EgoyMDI2MDkyOS4wIKXMDSoASAFQAw%3D%3D"
Rotisería de Mar,Gastronomía / Rotisería,011 4958-7088,"Yatay 25, C1184ACA Cdad. Autónoma de Buenos Aires",4.6,NO,Carta Digital & Pedidos WhatsApp,"https://www.google.com/maps/place/Rotiser%C3%ADa+de+Mar/@-34.617495,-58.456095,14z/data=!4m11!1m3!2m2!1srotiserias+en+almagro+caba!6e5!3m6!1s0x95bcca5cc441e8df:0x1d73612f985f4c9f!8m2!3d-34.613986!4d-58.4277148!15sChpyb3Rpc2VyaWFzIGVuIGFsbWFncm8gY2FiYVocIhpyb3Rpc2VyaWFzIGVuIGFsbWFncm8gY2FiYZIBEnNlYWZvb2RfcmVzdGF1cmFudJoBI0NoWkRTVWhOTUc5blMwVkpRMEZuU1VSb2RXWXpUR1JCRUFF4AEA-gEFCLABEDQ!16s%2Fg%2F1tkrm_1c?entry=ttu&g_ep=EgoyMDI2MDkyOS4wIKXMDSoASAFQAw%3D%3D"
Rotiseria sanabria,Gastronomía / Rotisería,011 4801-6426,"Sarmiento 4400, C1197AAN Cdad. Autónoma de Buenos Aires",5.0,NO,Carta Digital & Pedidos WhatsApp,"https://www.google.com/maps/place/Rotiseria+sanabria/@-34.617495,-58.456095,14z/data=!4m11!1m3!2m2!1srotiserias+en+almagro+caba!6e5!3m6!1s0x95bccbee3ddf2e6b:0x167a051c47ae23d3!8m2!3d-34.6042561!4d-58.4274835!15sChpyb3Rpc2VyaWFzIGVuIGFsbWFncm8gY2FiYVocIhpyb3Rpc2VyaWFzIGVuIGFsbWFncm8gY2FiYZIBFGZhc3RfZm9vZF9yZXN0YXVyYW504AEA!16s%2Fg%2F11zd990csf?entry=ttu&g_ep=EgoyMDI2MDkyOS4wIKXMDSoASAFQAw%3D%3D"
JOSMAR Comidas Caseras,Gastronomía / Rotisería,011 7543-7129,"Bulnes 556, C1176 Cdad. Autónoma de Buenos Aires",4.6,NO,Carta Digital & Pedidos WhatsApp,"https://www.google.com/maps/place/JOSMAR+Comidas+Caseras/@-34.617495,-58.456095,14z/data=!3m1!5s0x95bcca61c6a43e29:0xc5902c7ec6d10ca3!4m11!1m3!2m2!1srotiserias+en+almagro+caba!6e5!3m6!1s0x95bccbe33215f7ab:0xed35f032eb2cd9be!8m2!3d-34.6048222!4d-58.4184727!15sChpyb3Rpc2VyaWFzIGVuIGFsbWFncm8gY2FiYVocIhpyb3Rpc2VyaWFzIGVuIGFsbWFncm8gY2FiYZIBDW1lYWxfdGFrZWF3YXmaASRDaGREU1VoTk1HOW5TMFZKUTBGblNVUjRjVTk1YjNWQlJSQULgAQD6AQQIABA1!16s%2Fg%2F11pxsbcfrr?entry=ttu&g_ep=EgoyMDI2MDkyOS4wIKXMDSoASAFQAw%3D%3D"
Granja Tabares,Gastronomía / Rotisería,7536-1674,"Av. Hipólito Yrigoyen 3502, C1206 Cdad. Autónoma de Buenos Aires",4.5,NO,Carta Digital & Pedidos WhatsApp,"https://www.google.com/maps/place/Granja+Tabares/@-34.617495,-58.456095,14z/data=!4m11!1m3!2m2!1srotiserias+en+almagro+caba!6e5!3m6!1s0x95bccaf615db4127:0xd79a11918d7a7f8c!8m2!3d-34.6137375!4d-58.4163273!15sChpyb3Rpc2VyaWFzIGVuIGFsbWFncm8gY2FiYVocIhpyb3Rpc2VyaWFzIGVuIGFsbWFncm8gY2FiYZIBDWZvb2RfcHJvZHVjZXKaASNDaFpEU1VoTk1HOW5TMFZKUTBGblRVTm5kMkkzYjJWbkVBReABAPoBBAhbEDc!16s%2Fg%2F11gd687w63?entry=ttu&g_ep=EgoyMDI2MDkyOS4wIKXMDSoASAFQAw%3D%3D"
Magaly,Gastronomía / Rotisería,011 4862-9517,"Gral, Tte. Gral. Juan Domingo Perón 3647, C1176 Cdad. Autónoma de Buenos Aires",4.3,NO,Carta Digital & Pedidos WhatsApp,"https://www.google.com/maps/place/Magaly/@-34.617495,-58.456095,14z/data=!3m1!5s0x95bcca6022e5d4f5:0x664f25221bac9d1a!4m11!1m3!2m2!1srotiserias+en+almagro+caba!6e5!3m6!1s0x95bcca61c591e9b5:0x120085c57593961a!8m2!3d-34.6067375!4d-58.4179317!15sChpyb3Rpc2VyaWFzIGVuIGFsbWFncm8gY2FiYVocIhpyb3Rpc2VyaWFzIGVuIGFsbWFncm8gY2FiYZIBC3N1cGVybWFya2V0mgEjQ2haRFNVaE5NRzluUzBWSlEwRm5TVVJvTlV0eGNreFJFQUXgAQD6AQQIABAw!16s%2Fg%2F1tkjmcxp?entry=ttu&g_ep=EgoyMDI2MDkyOS4wIKXMDSoASAFQAw%3D%3D"
Dietética Naturalezia | Almacén Saludable,Dietética / Almacén,011 3298-0139,"Julián Álvarez 516, C1414 Cdad. Autónoma de Buenos Aires",4.5,NO,Catálogo WhatsApp con Carrito,"https://www.google.com/maps/place/Diet%C3%A9tica+Naturalezia+%7C+Almac%C3%A9n+Saludable/@-34.5952663,-58.4770992,14z/data=!4m11!1m3!2m2!1sdieteticas+en+villa+crespo+caba!6e6!3m6!1s0x95bccba6e38c6367:0x8fc5b5427e9ec464!8m2!3d-34.5997487!4d-58.4349601!15sCh9kaWV0ZXRpY2FzIGVuIHZpbGxhIGNyZXNwbyBjYWJhkgETbmF0dXJhbF9mb29kc19zdG9yZeABAA!16s%2Fg%2F11qbjlrksc?entry=ttu&g_ep=EgoyMDI2MDkyOS4wIKXMDSoASAFQAw%3D%3D"
Dietética Nito,Dietética / Almacén,011 3564-6463,"Juan Ramírez de Velasco 199, C1414AQC Cdad. Autónoma de Buenos Aires",4.4,NO,Catálogo WhatsApp con Carrito,"https://www.google.com/maps/place/Diet%C3%A9tica+Nito/@-34.5952663,-58.4770992,14z/data=!4m11!1m3!2m2!1sdieteticas+en+villa+crespo+caba!6e6!3m6!1s0x95bcca7188b89b8d:0x36447e5eab122479!8m2!3d-34.6008497!4d-58.4341804!15sCh9kaWV0ZXRpY2FzIGVuIHZpbGxhIGNyZXNwbyBjYWJhWiEiH2RpZXRldGljYXMgZW4gdmlsbGEgY3Jlc3BvIGNhYmGSARNuYXR1cmFsX2Zvb2RzX3N0b3JlmgFEQ2k5RFFVbFJRVU52WkVOb2RIbGpSamx2VDI1d05FNUVaM1JqYmxwMFRsWTROV05xVmxsWGJsSkdWRzVDYTFORlJSQULgAQD6AQQIFhBE!16s%2Fg%2F11c44zl4w4?entry=ttu&g_ep=EgoyMDI2MDkyOS4wIKXMDSoASAFQAw%3D%3D"
Coquito's,Dietética / Almacén,011 5165-0108,"Av. Corrientes 5061, C1414AJD Cdad. Autónoma de Buenos Aires",4.6,NO,Catálogo WhatsApp con Carrito,"https://www.google.com/maps/place/Coquito's/@-34.5952663,-58.4770992,14z/data=!4m11!1m3!2m2!1sdieteticas+en+villa+crespo+caba!6e6!3m6!1s0x95bccb1a4493e6df:0x56801f916ae8c25e!8m2!3d-34.6003283!4d-58.4370283!15sCh9kaWV0ZXRpY2FzIGVuIHZpbGxhIGNyZXNwbyBjYWJhWiEiH2RpZXRldGljYXMgZW4gdmlsbGEgY3Jlc3BvIGNhYmGSARNuYXR1cmFsX2Zvb2RzX3N0b3Jl4AEA!16s%2Fg%2F11lm22cz4q?entry=ttu&g_ep=EgoyMDI2MDkyOS4wIKXMDSoASAFQAw%3D%3D"
DAMBER Alimentos naturales Mayorista y Dietética,Dietética / Almacén,011 2625-5699,"Hidalgo 1606, C1414 Cdad. Autónoma de Buenos Aires",4.9,NO,Catálogo WhatsApp con Carrito,"https://www.google.com/maps/place/DAMBER+Alimentos+naturales+Mayorista+y+Diet%C3%A9tica/@-34.5952663,-58.4770992,14z/data=!4m11!1m3!2m2!1sdieteticas+en+villa+crespo+caba!6e6!3m6!1s0x95bccb914dc7063d:0xcc4fc64465771a04!8m2!3d-34.6027805!4d-58.4452483!15sCh9kaWV0ZXRpY2FzIGVuIHZpbGxhIGNyZXNwbyBjYWJhWiEiH2RpZXRldGljYXMgZW4gdmlsbGEgY3Jlc3BvIGNhYmGSARNuYXR1cmFsX2Zvb2RzX3N0b3JlmgFEQ2k5RFFVbFJRVU52WkVOb2RIbGpSamx2VDIxT1JGcEdVa3BhTTFJMFRqTlZNV0pYZHpKWFJFNDBWakZCTkdSdVl4QULgAQD6AQQIaBAo!16s%2Fg%2F11fd45p0m5?entry=ttu&g_ep=EgoyMDI2MDkyOS4wIKXMDSoASAFQAw%3D%3D"
dietética,Dietética / Almacén,011 6492-0777,"Av. Raúl Scalabrini Ortiz 25, C1414 Cdad. Autónoma de Buenos Aires",3.4,NO,Catálogo WhatsApp con Carrito,"https://www.google.com/maps/place/diet%C3%A9tica/@-34.5952663,-58.4770992,14z/data=!4m11!1m3!2m2!1sdieteticas+en+villa+crespo+caba!6e6!3m6!1s0x95bccb6c211c28b5:0x6bdbb365e903e2f9!8m2!3d-34.6020061!4d-58.4419488!15sCh9kaWV0ZXRpY2FzIGVuIHZpbGxhIGNyZXNwbyBjYWJhWiEiH2RpZXRldGljYXMgZW4gdmlsbGEgY3Jlc3BvIGNhYmGSARNuYXR1cmFsX2Zvb2RzX3N0b3Jl4AEA!16s%2Fg%2F11fsq2k79x?entry=ttu&g_ep=EgoyMDI2MDkyOS4wIKXMDSoASAFQAw%3D%3D"
Biovita,Estética / Peluquería,011 5625-1434,"José Bonifacio 1320, C1406GXF C1406GXF, Cdad. Autónoma de Buenos Aires",4.3,NO,Sistema de Turnos Online,"https://www.google.com/maps/place/Biovita/@-34.6290182,-58.4719348,15z/data=!4m10!1m2!2m1!1speluquerias+en+flores+caba!3m6!1s0x95bccba33f481909:0xde3b4318a3e78ce8!8m2!3d-34.6285069!4d-58.4453427!15sChpwZWx1cXVlcmlhcyBlbiBmbG9yZXMgY2FiYVocIhpwZWx1cXVlcmlhcyBlbiBmbG9yZXMgY2FiYZIBDGJlYXV0eV9zYWxvbpoBI0NoWkRTVWhOTUc5blMwVkpRMEZuU1VOSU5FeHBRbEJCRUFF4AEA-gEECDgQOQ!16s%2Fg%2F11q9kzmv1y?entry=ttu&g_ep=EgoyMDI2MDkyOS4wIKXMDSoASAFQAw%3D%3D"
Miriam Nuñez Coiffeur Peluqueria,Estética / Peluquería,011 5406-2028,"Emilio Mitre 626, C1424AYN Cdad. Autónoma de Buenos Aires",4.3,NO,Sistema de Turnos Online,"https://www.google.com/maps/place/Miriam+Nu%C3%B1ez+Coiffeur+Peluqueria/@-34.6296938,-58.460781,15z/data=!4m10!1m2!2m1!1speluquerias+en+flores+caba!3m6!1s0x95bcca367e9f9459:0x76a31016e1cdc121!8m2!3d-34.6296938!4d-58.4427566!15sChpwZWx1cXVlcmlhcyBlbiBmbG9yZXMgY2FiYZIBEnVuaXNleF9oYWlyZHJlc3NlcuABAA!16s%2Fg%2F11c1tdp227?entry=ttu&g_ep=EgoyMDI2MDkyOS4wIKXMDSoASAFQAw%3D%3D"
Club del Corte,Estética / Peluquería,011 4631-7792,"Av. Coronel Esteban Bonorino 106, C1406 Cdad. Autónoma de Buenos Aires",4.7,NO,Sistema de Turnos Online,"https://www.google.com/maps/place/Club+del+Corte/@-34.6293303,-58.4771838,15z/data=!4m10!1m2!2m1!1speluquerias+en+flores+caba!3m6!1s0x95bcca2619f0487f:0xa1a74a10b47cfc0f!8m2!3d-34.6293303!4d-58.4591594!15sChpwZWx1cXVlcmlhcyBlbiBmbG9yZXMgY2FiYVocIhpwZWx1cXVlcmlhcyBlbiBmbG9yZXMgY2FiYZIBCmhhaXJfc2Fsb26aASRDaGREU1VoTk1HOW5TMFZKUTBGblNVUmFNV1JoWWpoblJSQULgAQD6AQQIABBJ!16s%2Fg%2F1tc_58qw?entry=ttu&g_ep=EgoyMDI2MDkyOS4wIKXMDSoASAFQAw%3D%3D"
GS Studio De Gustavo Sidorkevich,Estética / Peluquería,011 6283-2133,"Del Barco Centenera 651 1424, C1424BZO Cdad. Autónoma de Buenos Aires",4.7,NO,Sistema de Turnos Online,"https://www.google.com/maps/place/GS+Studio+De+Gustavo+Sidorkevich/@-34.6271414,-58.4588029,15z/data=!4m10!1m2!2m1!1speluquerias+en+flores+caba!3m6!1s0x95bcca47c7d2a0fb:0x12b4b63594c8e282!8m2!3d-34.6271414!4d-58.4407785!15sChpwZWx1cXVlcmlhcyBlbiBmbG9yZXMgY2FiYVocIhpwZWx1cXVlcmlhcyBlbiBmbG9yZXMgY2FiYZIBEnVuaXNleF9oYWlyZHJlc3NlcpoBRENpOURRVWxSUVVOdlpFTm9kSGxqUmpsdlQyMTRRa3hYTVhaVU1XUlhXREpLZFU1V1ZsZGpXR2d3WWxSU2NVMVlZeEFC4AEA-gEECAAQNQ!16s%2Fg%2F11b6hkfmzl?entry=ttu&g_ep=EgoyMDI2MDkyOS4wIKXMDSoASAFQAw%3D%3D"
Edgar Greco Estilista,Estética / Peluquería,011 4433-5858,"Av. Pedro Goyena 1396, C1406GWP Cdad. Autónoma de Buenos Aires",4.7,NO,Sistema de Turnos Online,"https://www.google.com/maps/place/Edgar+Greco+Estilista/@-34.627612,-58.464772,15z/data=!4m10!1m2!2m1!1speluquerias+en+flores+caba!3m6!1s0x95bcca30c766c8e7:0x847ad3d6876987bc!8m2!3d-34.627612!4d-58.4467476!15sChpwZWx1cXVlcmlhcyBlbiBmbG9yZXMgY2FiYVocIhpwZWx1cXVlcmlhcyBlbiBmbG9yZXMgY2FiYZIBDGJlYXV0eV9zYWxvbpoBJENoZERTVWhOTUc5blMwVkpRMEZuU1VOM2NIVklZalpCUlJBQuABAPoBBAgAEDw!16s%2Fg%2F11b6_fmdg2?entry=ttu&g_ep=EgoyMDI2MDkyOS4wIKXMDSoASAFQAw%3D%3D"
Luz&Sami Peluquería,Estética / Peluquería,011 6469-6315,"Pumacahua 85, C1406 Cdad. Autónoma de Buenos Aires",5.0,NO,Sistema de Turnos Online,"https://www.google.com/maps/place/Luz%26Sami+Peluquer%C3%ADa/@-34.6274835,-58.472734,15z/data=!4m10!1m2!2m1!1speluquerias+en+flores+caba!3m6!1s0x95bccb246933626f:0xaec956742336c775!8m2!3d-34.6274835!4d-58.4547096!15sChpwZWx1cXVlcmlhcyBlbiBmbG9yZXMgY2FiYVocIhpwZWx1cXVlcmlhcyBlbiBmbG9yZXMgY2FiYZIBEnVuaXNleF9oYWlyZHJlc3NlcpoBI0NoWkRTVWhOTUc5blMwVkpRMEZuU1VSSU5rbzJYMDVuRUFF4AEA-gEECAAQQg!16s%2Fg%2F11vjrfg8v4?entry=ttu&g_ep=EgoyMDI2MDkyOS4wIKXMDSoASAFQAw%3D%3D"
"""3 Brujas"" Pizza and Coffee",Gastronomía / Pizzería,011 2237-3776,"Cap. Gral. Ramón Freire 922, C1426 Cdad. Autónoma de Buenos Aires",4.6,NO,Carta Digital & Pedidos WhatsApp,"https://www.google.com/maps/place/%223+Brujas%22+Pizza+and+Coffee/@-34.577429,-58.4755974,15z/data=!3m1!5s0x95bcb5c2cd1c5dbf:0x4e743183f634c58a!4m11!1m3!2m2!1spizzerias+en+colegiales+caba!6e5!3m6!1s0x95bcb5e889d5d519:0x2e5838c1d4b9abda!8m2!3d-34.5759103!4d-58.4514552!15sChxwaXp6ZXJpYXMgZW4gY29sZWdpYWxlcyBjYWJhWh4iHHBpenplcmlhcyBlbiBjb2xlZ2lhbGVzIGNhYmGSARBwaXp6YV9yZXN0YXVyYW50mgFEQ2k5RFFVbFJRVU52WkVOb2RIbGpSamx2VDJ4dmVWTXpZM1JrVms1WlZWZFNOVkl4VWtSa2FURnBXV3RLZW1WSFl4QULgAQD6AQQIABA1!16s%2Fg%2F1hc7d2srd?entry=ttu&g_ep=EgoyMDI2MDkyOS4wIKXMDSoASAFQAw%3D%3D"
Totti - Pinsa di Roma,Gastronomía / Pizzería,011 3423-5482,"Calle Jorge Newbery 3001, C1426 Cdad. Autónoma de Buenos Aires",4.6,NO,Carta Digital & Pedidos WhatsApp,"https://www.google.com/maps/place/Totti+-+Pinsa+di+Roma/@-34.5772151,-58.4639691,15z/data=!4m11!1m3!2m2!1spizzerias+en+colegiales+caba!6e5!3m6!1s0x95bcb50e09923ffd:0xbca9074d8d5b749d!8m2!3d-34.5772151!4d-58.4459447!15sChxwaXp6ZXJpYXMgZW4gY29sZWdpYWxlcyBjYWJhWh4iHHBpenplcmlhcyBlbiBjb2xlZ2lhbGVzIGNhYmGSARBwaXp6YV9yZXN0YXVyYW50mgEjQ2haRFNVaE5NRzluUzBWSlEwRm5TVVJNYWtwaVZGWkJFQUXgAQD6AQQIABBI!16s%2Fg%2F11ss05hqlq?entry=ttu&g_ep=EgoyMDI2MDkyOS4wIKXMDSoASAFQAw%3D%3D"
El Imperio de la Pizza,Gastronomía / Pizzería,011 4553-0875,"Av. Corrientes 6891, C1427BPG Cdad. Autónoma de Buenos Aires",4.4,NO,Carta Digital & Pedidos WhatsApp,"https://www.google.com/maps/place/El+Imperio+de+la+Pizza/@-34.58689,-58.4728475,15z/data=!4m11!1m3!2m2!1spizzerias+en+colegiales+caba!6e5!3m6!1s0x95bcb5e4e5a2fd87:0x59358a2c4ae0eac5!8m2!3d-34.58689!4d-58.4548231!15sChxwaXp6ZXJpYXMgZW4gY29sZWdpYWxlcyBjYWJhWh4iHHBpenplcmlhcyBlbiBjb2xlZ2lhbGVzIGNhYmGSARBwaXp6YV9yZXN0YXVyYW50mgFEQ2k5RFFVbFJRVU52WkVOb2RIbGpSamx2VDJ0Tk1reFZXVEpSYlRWMVpEQXhhbUZGVm0xU1ZUUTBZbXM1ZG1WWVl4QULgAQD6AQQIIBA8!16s%2Fg%2F1vyk3pl_?entry=ttu&g_ep=EgoyMDI2MDkyOS4wIKXMDSoASAFQAw%3D%3D"
Pizzamania,Gastronomía / Pizzería,011 6847-4702,"Conde 884, C1426AYQ Cdad. Autónoma de Buenos Aires",3.8,NO,Carta Digital & Pedidos WhatsApp,"https://www.google.com/maps/place/Pizzamania/@-34.58689,-58.4728475,15z/data=!4m11!1m3!2m2!1spizzerias+en+colegiales+caba!6e5!3m6!1s0x95bcb5c2afb9d065:0x9da681104b961af4!8m2!3d-34.5771565!4d-58.451259!15sChxwaXp6ZXJpYXMgZW4gY29sZWdpYWxlcyBjYWJhWh4iHHBpenplcmlhcyBlbiBjb2xlZ2lhbGVzIGNhYmGSARBwaXp6YV9yZXN0YXVyYW50mgEkQ2hkRFNVaE5NRzluUzBWT1dHOXBTbUp6TFdOWVJWOVJSUkFC4AEA-gEECAAQEg!16s%2Fg%2F1tfh5vkv?entry=ttu&g_ep=EgoyMDI2MDkyOS4wIKXMDSoASAFQAw%3D%3D"
Veterinaria Pet Mundo,Mascotas / Pet Shop,011 4903-4976,"Rojas 62, C1405AAB Cdad. Autónoma de Buenos Aires",4.3,NO,Catálogo WhatsApp / Turnos,"https://www.google.com/maps/place/Veterinaria+Pet+Mundo/@-34.6274716,-58.4763927,14z/data=!4m11!1m3!2m2!1spet+shop+veterinaria+en+palermo+caba!6e6!3m6!1s0x95bcca38cb2bf953:0xd505b0897ed0381a!8m2!3d-34.6196557!4d-58.4419276!15sCiRwZXQgc2hvcCB2ZXRlcmluYXJpYSBlbiBwYWxlcm1vIGNhYmFaJiIkcGV0IHNob3AgdmV0ZXJpbmFyaWEgZW4gcGFsZXJtbyBjYWJhkgEPdmV0ZXJpbmFyeV9jYXJlmgEkQ2hkRFNVaE5NRzluUzBWSlEwRm5TVVF0YUdSNVVEaG5SUkFC4AEA-gEECAAQQw!16s%2Fg%2F1vl5hznn?entry=ttu&g_ep=EgoyMDI2MDkyOS4wIKXMDSoASAFQAw%3D%3D"
Palermo Pet Store,Mascotas / Pet Shop,011 15-4960-2797,"Julián Álvarez 2097, C1425 Cdad. Autónoma de Buenos Aires",4.2,NO,Catálogo WhatsApp / Turnos,"https://www.google.com/maps/place/Palermo+Pet+Store/@-34.5938527,-58.4661985,14z/data=!3m1!5s0x95bcca8022319157:0x4173359b448e9cf8!4m11!1m3!2m2!1spet+shop+veterinaria+en+palermo+caba!6e6!3m6!1s0x95bccb1263f060af:0x4239fc96b758980d!8m2!3d-34.5892305!4d-58.4185726!15sCiRwZXQgc2hvcCB2ZXRlcmluYXJpYSBlbiBwYWxlcm1vIGNhYmFaJiIkcGV0IHNob3AgdmV0ZXJpbmFyaWEgZW4gcGFsZXJtbyBjYWJhkgEQcGV0X3N1cHBseV9zdG9yZZoBJENoZERTVWhOTUc5blMwVkpRMEZuU1VOU2NGcGxkSGRSUlJBQuABAPoBBAgAEEQ!16s%2Fg%2F11j0sl3kxd?entry=ttu&g_ep=EgoyMDI2MDkyOS4wIKXMDSoASAFQAw%3D%3D"
Pet Araoz,Mascotas / Pet Shop,011 15-5823-3688,"Aráoz 2436, C1425DGL Cdad. Autónoma de Buenos Aires",4.5,NO,Catálogo WhatsApp / Turnos,"https://www.google.com/maps/place/Pet+Araoz/@-34.5938527,-58.4661985,14z/data=!4m11!1m3!2m2!1spet+shop+veterinaria+en+palermo+caba!6e6!3m6!1s0x95bcb57fea58802d:0x4589450d7d1cfa6e!8m2!3d-34.5863097!4d-58.416065!15sCiRwZXQgc2hvcCB2ZXRlcmluYXJpYSBlbiBwYWxlcm1vIGNhYmFaJiIkcGV0IHNob3AgdmV0ZXJpbmFyaWEgZW4gcGFsZXJtbyBjYWJhkgEQcGV0X3N1cHBseV9zdG9yZZoBRENpOURRVWxSUVVOdlpFTm9kSGxqUmpsdlQyNVZkRmd6VW5oUmEyUnpZa2RXVG1JeFRYbGlWMlJIVFRCbk1FNHlZeEFC4AEA-gEECCkQNg!16s%2Fg%2F11cs3znr01?entry=ttu&g_ep=EgoyMDI2MDkyOS4wIKXMDSoASAFQAw%3D%3D"
Como Perro&Gato Petshop Palermo,Mascotas / Pet Shop,011 2899-4358,"Fray Justo Sta. María de Oro 2599, C1425FOK Cdad. Autónoma de Buenos Aires",4.9,NO,Catálogo WhatsApp / Turnos,"https://www.google.com/maps/place/Como+Perro%26Gato+Petshop+Palermo/@-34.5938527,-58.4661985,14z/data=!4m11!1m3!2m2!1spet+shop+veterinaria+en+palermo+caba!6e6!3m6!1s0x95bcb500360b0ed5:0x2f6d02692d9a1bfb!8m2!3d-34.578414!4d-58.4234303!15sCiRwZXQgc2hvcCB2ZXRlcmluYXJpYSBlbiBwYWxlcm1vIGNhYmFaJiIkcGV0IHNob3AgdmV0ZXJpbmFyaWEgZW4gcGFsZXJtbyBjYWJhkgEQcGV0X3N1cHBseV9zdG9yZZoBRENpOURRVWxSUVVOdlpFTm9kSGxqUmpsdlQyMDVWbFZGTlVST1JsWlBWVVZKZWxKSFdrMVlNV3cxVDFoU1VtSnNSUkFC4AEA-gEECAAQRw!16s%2Fg%2F11nps5663j?entry=ttu&g_ep=EgoyMDI2MDkyOS4wIKXMDSoASAFQAw%3D%3D"
ANIMAL POINT,Mascotas / Pet Shop,011 4444-0943,"Paraguay 4488, C1425 Cdad. Autónoma de Buenos Aires",4.7,NO,Catálogo WhatsApp / Turnos,"https://www.google.com/maps/place/ANIMAL+POINT/@-34.5938527,-58.4661985,14z/data=!3m1!5s0x95bcb586a7294547:0x548e1064d901c40b!4m11!1m3!2m2!1spet+shop+veterinaria+en+palermo+caba!6e6!3m6!1s0x95bcb586a713e8bb:0x8072be310e0a48f6!8m2!3d-34.5849146!4d-58.4241451!15sCiRwZXQgc2hvcCB2ZXRlcmluYXJpYSBlbiBwYWxlcm1vIGNhYmFaJiIkcGV0IHNob3AgdmV0ZXJpbmFyaWEgZW4gcGFsZXJtbyBjYWJhkgEQcGV0X3N1cHBseV9zdG9yZZoBI0NoWkRTVWhOTUc5blMwVkpRMEZuU1VOVWJtVXlZVVJSRUFF4AEA-gEECAAQRw!16s%2Fg%2F11cn0qrv41?entry=ttu&g_ep=EgoyMDI2MDkyOS4wIKXMDSoASAFQAw%3D%3D"
CDR mecanica integral,Taller Mecánico,011 4937-6857,"Av. Álvarez Thomas 2565, C1431 Cdad. Autónoma de Buenos Aires",5.0,NO,Software de Turnos / POS,"https://www.google.com/maps/place/CDR+mecanica+integral/@-34.5760108,-58.5129457,14z/data=!4m10!1m2!2m1!1stalleres+mecanicos+en+villa+urquiza+caba!3m6!1s0x95bcb7974700ff3f:0x1ee9d27343699f84!8m2!3d-34.5760108!4d-58.4768968!15sCih0YWxsZXJlcyBtZWNhbmljb3MgZW4gdmlsbGEgdXJxdWl6YSBjYWJhWioiKHRhbGxlcmVzIG1lY2FuaWNvcyBlbiB2aWxsYSB1cnF1aXphIGNhYmGSAQhtZWNoYW5pY5oBRENpOURRVWxSUVVOdlpFTm9kSGxqUmpsdlQydHNhVm96U205T2JUbEtURlV4ZGxGVWFIUmpWMVpRVmxoS1lVMXJSUkFC4AEA-gEECAAQOw!16s%2Fg%2F11qmql9xfx?entry=ttu&g_ep=EgoyMDI2MDkyOS4wIKXMDSoASAFQAw%3D%3D"
ASL multiservice,Taller Mecánico,4523-1826,"Ceretti 2410, C1431 Cdad. Autónoma de Buenos Aires",4.9,NO,Software de Turnos / POS,"https://www.google.com/maps/place/ASL+multiservice/@-34.5781326,-58.5293413,14z/data=!4m10!1m2!2m1!1stalleres+mecanicos+en+villa+urquiza+caba!3m6!1s0x95bcb715803d4cb3:0xdfc55f370c43dd8a!8m2!3d-34.5781326!4d-58.4932924!15sCih0YWxsZXJlcyBtZWNhbmljb3MgZW4gdmlsbGEgdXJxdWl6YSBjYWJhWioiKHRhbGxlcmVzIG1lY2FuaWNvcyBlbiB2aWxsYSB1cnF1aXphIGNhYmGSARFhdXRvX21hY2hpbmVfc2hvcJoBRENpOURRVWxSUVVOdlpFTm9kSGxqUmpsdlQyeG9UMkZ0VW0xaVJYUnpWVlJzZDFReFRqRldWMDVOVjJ0R2NWVXdSUkFC4AEA-gEECAAQLw!16s%2Fg%2F11h045ty22?entry=ttu&g_ep=EgoyMDI2MDkyOS4wIKXMDSoASAFQAw%3D%3D"
Taller Donado,Taller Mecánico,011 4543-3395,"Donado 2646, C1431 Cdad. Autónoma de Buenos Aires",4.8,NO,Software de Turnos / POS,"https://www.google.com/maps/place/Taller+Donado/@-34.5781326,-58.5293413,14z/data=!4m10!1m2!2m1!1stalleres+mecanicos+en+villa+urquiza+caba!3m6!1s0x95bcb6622d8ddf1b:0x874f27b5cf609c7c!8m2!3d-34.5681098!4d-58.4796243!15sCih0YWxsZXJlcyBtZWNhbmljb3MgZW4gdmlsbGEgdXJxdWl6YSBjYWJhWioiKHRhbGxlcmVzIG1lY2FuaWNvcyBlbiB2aWxsYSB1cnF1aXphIGNhYmGSAQhtZWNoYW5pY5oBJENoZERTVWhOTUc5blMwVkpRMEZuU1VSbWNHUkhlWEZuUlJBQuABAPoBBQjSAxAV!16s%2Fg%2F11b6gn1d9b?entry=ttu&g_ep=EgoyMDI2MDkyOS4wIKXMDSoASAFQAw%3D%3D"
Taller Hernán,Taller Mecánico,011 15-3669-5369,"José Pascual Tamborini 6181, C1431AHE Cdad. Autónoma de Buenos Aires",4.6,NO,Software de Turnos / POS,"https://www.google.com/maps/place/Taller+Hern%C3%A1n/@-34.5781326,-58.5293413,14z/data=!4m10!1m2!2m1!1stalleres+mecanicos+en+villa+urquiza+caba!3m6!1s0x95bcb6fe367f8ff7:0x32950898c60ca880!8m2!3d-34.5724672!4d-58.5038585!15sCih0YWxsZXJlcyBtZWNhbmljb3MgZW4gdmlsbGEgdXJxdWl6YSBjYWJhWioiKHRhbGxlcmVzIG1lY2FuaWNvcyBlbiB2aWxsYSB1cnF1aXphIGNhYmGSARFhdXRvX21hY2hpbmVfc2hvcJoBI0NoWkRTVWhOTUc5blMwVkpRMEZuU1VSb2NHRnhWVTVSRUFF4AEA-gEECAAQKg!16s%2Fg%2F11c61kqmjl?entry=ttu&g_ep=EgoyMDI2MDkyOS4wIKXMDSoASAFQAw%3D%3D"
Taller Nahuel Huapi,Taller Mecánico,011 6497-8495,"Tomás A. Le Bretón 4278, C1430 Cdad. Autónoma de Buenos Aires",4.7,NO,Software de Turnos / POS,"https://www.google.com/maps/place/Taller+Nahuel+Huapi/@-34.5781326,-58.5293413,14z/data=!4m10!1m2!2m1!1stalleres+mecanicos+en+villa+urquiza+caba!3m6!1s0x95bcb661fa2bf62b:0xe5198900b47c0e51!8m2!3d-34.5655706!4d-58.4811902!15sCih0YWxsZXJlcyBtZWNhbmljb3MgZW4gdmlsbGEgdXJxdWl6YSBjYWJhWioiKHRhbGxlcmVzIG1lY2FuaWNvcyBlbiB2aWxsYSB1cnF1aXphIGNhYmGSARFhdXRvX21hY2hpbmVfc2hvcJoBI0NoWkRTVWhOTUc5blMwVkpRMEZuU1VONGRuUklUVlIzRUFF4AEA-gEECAAQIw!16s%2Fg%2F1q62hlxdq?entry=ttu&g_ep=EgoyMDI2MDkyOS4wIKXMDSoASAFQAw%3D%3D"
TALLER MECANICO STREE CARS . INYECCIÓN ELECTRÓNICA,Taller Mecánico,011 15-6141-7042,"Iberá 5940, C1431AFB C1431AFB, Cdad. Autónoma de Buenos Aires",4.9,NO,Software de Turnos / POS,"https://www.google.com/maps/place/TALLER+MECANICO+STREE+CARS+.+INYECCI%C3%93N+ELECTR%C3%93NICA/@-34.5781326,-58.5293413,14z/data=!4m10!1m2!2m1!1stalleres+mecanicos+en+villa+urquiza+caba!3m6!1s0x95bcb7ba0c358fa1:0x5c13b3061b074a89!8m2!3d-34.5724116!4d-58.5005172!15sCih0YWxsZXJlcyBtZWNhbmljb3MgZW4gdmlsbGEgdXJxdWl6YSBjYWJhWioiKHRhbGxlcmVzIG1lY2FuaWNvcyBlbiB2aWxsYSB1cnF1aXphIGNhYmGSARBhdXRvX3JlcGFpcl9zaG9wmgEjQ2haRFNVaE5NRzluUzBWSlEwRm5TVVEzT1RoWVMySlJFQUXgAQD6AQQIABAr!16s%2Fg%2F11h32hrvvj?entry=ttu&g_ep=EgoyMDI2MDkyOS4wIKXMDSoASAFQAw%3D%3D"
Mecánica Integral VTI Pro - Race,Taller Mecánico,011 4541-2323,"Galván 3305, C1431FVG Cdad. Autónoma de Buenos Aires",4.9,NO,Software de Turnos / POS,"https://www.google.com/maps/place/Mec%C3%A1nica+Integral+VTI+Pro+-+Race/@-34.5781326,-58.5293413,14z/data=!4m10!1m2!2m1!1stalleres+mecanicos+en+villa+urquiza+caba!3m6!1s0x95bcb6f4677ce3a1:0x44274d7fd6a5628!8m2!3d-34.5647139!4d-58.4892626!15sCih0YWxsZXJlcyBtZWNhbmljb3MgZW4gdmlsbGEgdXJxdWl6YSBjYWJhWioiKHRhbGxlcmVzIG1lY2FuaWNvcyBlbiB2aWxsYSB1cnF1aXphIGNhYmGSARFhdXRvX21hY2hpbmVfc2hvcJoBJENoZERTVWhOTUc5blMwVkpRMEZuVFVSbk4weDJRV3RCUlJBQuABAPoBBAgAEBc!16s%2Fg%2F11b6c7rl7z?entry=ttu&g_ep=EgoyMDI2MDkyOS4wIKXMDSoASAFQAw%3D%3D"
Mecanica Urquiza,Taller Mecánico,011 4542-6618,"Capdevila 3196, C1431 FKJ, Cdad. Autónoma de Buenos Aires",5.0,NO,Software de Turnos / POS,"https://www.google.com/maps/place/Mecanica+Urquiza/@-34.5781326,-58.5293413,14z/data=!4m10!1m2!2m1!1stalleres+mecanicos+en+villa+urquiza+caba!3m6!1s0x95bcb6f674bf33c5:0xe23472acfa5c0e88!8m2!3d-34.56798!4d-58.491824!15sCih0YWxsZXJlcyBtZWNhbmljb3MgZW4gdmlsbGEgdXJxdWl6YSBjYWJhWioiKHRhbGxlcmVzIG1lY2FuaWNvcyBlbiB2aWxsYSB1cnF1aXphIGNhYmGSARFhdXRvX21hY2hpbmVfc2hvcJoBI0NoWkRTVWhOTUc5blMwVkpRMEZuU1VSWU9GcGZNMWxCRUFF4AEA-gEFCJoBEEU!16s%2Fg%2F11b6mt3295?entry=ttu&g_ep=EgoyMDI2MDkyOS4wIKXMDSoASAFQAw%3D%3D"
"RAUL Mecánico Villa Urquiza, CABA",Taller Mecánico,011 15-4086-0329,"Av. Combatientes de Malvinas 3613, C1431 Cdad. Autónoma de Buenos Aires",4.3,NO,Software de Turnos / POS,"https://www.google.com/maps/place/RAUL+Mec%C3%A1nico+Villa+Urquiza,+CABA/@-34.5781326,-58.5293413,14z/data=!4m10!1m2!2m1!1stalleres+mecanicos+en+villa+urquiza+caba!3m6!1s0x95bcb78e1d224d77:0x82167fd89572b6ad!8m2!3d-34.5777565!4d-58.4771186!15sCih0YWxsZXJlcyBtZWNhbmljb3MgZW4gdmlsbGEgdXJxdWl6YSBjYWJhkgEQYXV0b19yZXBhaXJfc2hvcOABAA!16s%2Fg%2F11rx1h132c?entry=ttu&g_ep=EgoyMDI2MDkyOS4wIKXMDSoASAFQAw%3D%3D"
Maxi Kiosco/Almacen My.Laye,Kiosco / Almacén,011 2372-6679,"México 2542, C1223ABB Cdad. Autónoma de Buenos Aires",4.5,NO,Catálogo WhatsApp / POS Caja,"https://www.google.com/maps/place/Maxi+Kiosco%2FAlmacen+My.Laye/@-34.6088589,-58.4432169,14z/data=!4m11!1m3!2m2!1skioscos+almacenes+en+balvanera+caba!6e6!3m6!1s0x95bccb18f79c6587:0x6454ea85a75d1587!8m2!3d-34.6167265!4d-58.4018726!15sCiNraW9zY29zIGFsbWFjZW5lcyBlbiBiYWx2YW5lcmEgY2FiYZIBBWtpb3Nr4AEA!16s%2Fg%2F11fv7jzrqy?entry=ttu&g_ep=EgoyMDI2MDkyOS4wIKXMDSoASAFQAw%3D%3D"
Maxikiosco Del Once,Kiosco / Almacén,011 4866-2522,"Av. Rivadavia 3089, C1203 AAC, Cdad. Autónoma de Buenos Aires",4.0,NO,Catálogo WhatsApp / POS Caja,"https://www.google.com/maps/place/Maxikiosco+Del+Once/@-34.6088589,-58.4432169,14z/data=!4m11!1m3!2m2!1skioscos+almacenes+en+balvanera+caba!6e6!3m6!1s0x95bccaf3e7607e79:0x651ae09f3c0ea8b9!8m2!3d-34.610292!4d-58.410213!15sCiNraW9zY29zIGFsbWFjZW5lcyBlbiBiYWx2YW5lcmEgY2FiYZIBDm1hZ2F6aW5lX3N0b3Jl4AEA!16s%2Fg%2F11b6jgs4lm?entry=ttu&g_ep=EgoyMDI2MDkyOS4wIKXMDSoASAFQAw%3D%3D"
Rapikiosko,Kiosco / Almacén,011 15-5850-7708,"1181, Tucumán 2900, C1189 AAD, Cdad. Autónoma de Buenos Aires",4.5,NO,Catálogo WhatsApp / POS Caja,"https://www.google.com/maps/place/Rapikiosko/@-34.6088589,-58.4432169,14z/data=!4m11!1m3!2m2!1skioscos+almacenes+en+balvanera+caba!6e6!3m6!1s0x95bccb7a1c330595:0xef9ea2223ae781d3!8m2!3d-34.601721!4d-58.4067589!15sCiNraW9zY29zIGFsbWFjZW5lcyBlbiBiYWx2YW5lcmEgY2FiYZIBDWdlbmVyYWxfc3RvcmXgAQA!16s%2Fg%2F11h7df4bhv?entry=ttu&g_ep=EgoyMDI2MDkyOS4wIKXMDSoASAFQAw%3D%3D"
Kiosco almacén lupita,Kiosco / Almacén,011 3164-6590,"Agüero 580, C1903 Cdad. Autónoma de Buenos Aires",4.0,NO,Catálogo WhatsApp / POS Caja,"https://www.google.com/maps/place/Kiosco+almac%C3%A9n+lupita/@-34.6088589,-58.4432169,14z/data=!4m11!1m3!2m2!1skioscos+almacenes+en+balvanera+caba!6e6!3m6!1s0x95bccbff8c211c63:0x42f117126ae20679!8m2!3d-34.6031215!4d-58.4116068!15sCiNraW9zY29zIGFsbWFjZW5lcyBlbiBiYWx2YW5lcmEgY2FiYZIBBWtpb3Nr4AEA!16s%2Fg%2F11x0ffvxd9?entry=ttu&g_ep=EgoyMDI2MDkyOS4wIKXMDSoASAFQAw%3D%3D"
Almacén los nietos,Kiosco / Almacén,011 3022-0694,"La Rioja 432, C1617 General pacheci, Cdad. Autónoma de Buenos Aires",-,NO,Catálogo WhatsApp / POS Caja,"https://www.google.com/maps/place/Almac%C3%A9n+los+nietos/@-34.6088589,-58.4432169,14z/data=!4m11!1m3!2m2!1skioscos+almacenes+en+balvanera+caba!6e6!3m6!1s0x95bccb4a659f0f3f:0x22e066fd8235fad6!8m2!3d-34.6155481!4d-58.4082373!15sCiNraW9zY29zIGFsbWFjZW5lcyBlbiBiYWx2YW5lcmEgY2FiYZIBBWtpb3Nr4AEA!16s%2Fg%2F11rghcy3x0?entry=ttu&g_ep=EgoyMDI2MDkyOS4wIKXMDSoASAFQAw%3D%3D"
PagoFácil kiosco,Kiosco / Almacén,011 5377-2300,"México 1902, C1222 Cdad. Autónoma de Buenos Aires",3.7,NO,Catálogo WhatsApp / POS Caja,"https://www.google.com/maps/place/PagoF%C3%A1cil+kiosco/@-34.6088589,-58.4432169,14z/data=!4m11!1m3!2m2!1skioscos+almacenes+en+balvanera+caba!6e6!3m6!1s0x95bccade0af9e243:0xdbb8bd70ebc53df8!8m2!3d-34.6158856!4d-58.3932687!15sCiNraW9zY29zIGFsbWFjZW5lcyBlbiBiYWx2YW5lcmEgY2FiYVolIiNraW9zY29zIGFsbWFjZW5lcyBlbiBiYWx2YW5lcmEgY2FiYZIBBWtpb3Nr4AEA!16s%2Fg%2F11b6t79vnd?entry=ttu&g_ep=EgoyMDI2MDkyOS4wIKXMDSoASAFQAw%3D%3D"
El kiosko,Kiosco / Almacén,011 6486-5731,"Av. San Juan 3004, C1233 Cdad. Autónoma de Buenos Aires",4.9,NO,Catálogo WhatsApp / POS Caja,"https://www.google.com/maps/place/El+kiosko/@-34.6088589,-58.4432169,14z/data=!4m11!1m3!2m2!1skioscos+almacenes+en+balvanera+caba!6e6!3m6!1s0x95bccb01d8bbe733:0x6116bdaf5f7bc5b9!8m2!3d-34.6245168!4d-58.4072202!15sCiNraW9zY29zIGFsbWFjZW5lcyBlbiBiYWx2YW5lcmEgY2FiYVolIiNraW9zY29zIGFsbWFjZW5lcyBlbiBiYWx2YW5lcmEgY2FiYZIBBWtpb3NrmgEjQ2haRFNVaE5NRzluUzBWSlEwRm5TVU4wT1UxbFJVUm5FQUXgAQD6AQQIABBC!16s%2Fg%2F1hc2k6qzk?entry=ttu&g_ep=EgoyMDI2MDkyOS4wIKXMDSoASAFQAw%3D%3D"
PELUQUERÍA Y PETSHOP FULLMASKOTAS,Mascotas / Pet Shop,011 15-7656-6041,"Malabia 2284, C1425 Cdad. Autónoma de Buenos Aires",4.5,NO,E-commerce WhatsApp & Turnos Peluquería,"https://www.google.com/maps/place/PELUQUER%C3%8DA+Y+PETSHOP+FULLMASKOTAS/@-34.6290329,-58.4982198,13z/data=!4m11!1m3!2m2!1spet+shop+palermo+caba!6e6!3m6!1s0x95bcb5b6e29c3b51:0x215be1dc42d34c26!8m2!3d-34.5862439!4d-58.4202974!15sChVwZXQgc2hvcCBwYWxlcm1vIGNhYmFaFyIVcGV0IHNob3AgcGFsZXJtbyBjYWJhkgEQcGV0X3N1cHBseV9zdG9yZZoBI0NoWkRTVWhOTUc5blMwVkpRMEZuU1VOb05YRkllbGxCRUFF4AEA-gEECAAQNQ!16s%2Fg%2F11kb3h2vmf?entry=ttu&g_ep=EgoyMDI2MDkyOS4wIKXMDSoASAFQAw%3D%3D"
Petba Pet Shop - Veterinaria - Peluquería Canina - Av. Belgrano 1737,Mascotas / Pet Shop,011 4381-0359,"Av. Belgrano 1737, C1093AAF Cdad. Autónoma de Buenos Aires",4.1,NO,E-commerce WhatsApp & Turnos Peluquería,"https://www.google.com/maps/place/Petba+Pet+Shop+-+Veterinaria+-+Peluquer%C3%ADa+Canina+-+Av.+Belgrano+1737/@-34.6150795,-58.479492,13z/data=!4m11!1m3!2m2!1spet+shop+belgrano+caba!6e6!3m6!1s0x95bccb0568960dbd:0x2b6e152c65d52230!8m2!3d-34.6135581!4d-58.3908873!15sChZwZXQgc2hvcCBiZWxncmFubyBjYWJhWhgiFnBldCBzaG9wIGJlbGdyYW5vIGNhYmGSAQpmZWVkX3N0b3JlmgEkQ2hkRFNVaE5NRzluUzBWSlEwRm5TVVJLYjB4UFpEQkJSUkFC4AEA-gEECDYQRA!16s%2Fg%2F11q1tbgjz3?entry=ttu&g_ep=EgoyMDI2MDkyOS4wIKXMDSoASAFQAw%3D%3D"
Petba Pet Shop & Peluquería - Av. Entre Ríos 233 - NOS MUDAMOS A AV. BELGRANO 1737,Mascotas / Pet Shop,011 4381-0359,"Av. Entre Ríos 233, C1079ABC Cdad. Autónoma de Buenos Aires",3.9,NO,E-commerce WhatsApp & Turnos Peluquería,"https://www.google.com/maps/place/Petba+Pet+Shop+%26+Peluquer%C3%ADa+-+Av.+Entre+R%C3%ADos+233+-+NOS+MUDAMOS+A+AV.+BELGRANO+1737/@-34.6150795,-58.479492,13z/data=!4m11!1m3!2m2!1spet+shop+belgrano+caba!6e6!3m6!1s0x95bccb9beb6f4105:0x5b12cb00345537ab!8m2!3d-34.611984!4d-58.3920055!15sChZwZXQgc2hvcCBiZWxncmFubyBjYWJhWhgiFnBldCBzaG9wIGJlbGdyYW5vIGNhYmGSAQpmZWVkX3N0b3JlmgEkQ2hkRFNVaE5NRzluUzBWSlEwRm5TVVF0YjAweWVXZFJSUkFC4AEA-gEECAAQOw!16s%2Fg%2F11t5wz288m?entry=ttu&g_ep=EgoyMDI2MDkyOS4wIKXMDSoASAFQAw%3D%3D"
Bírichini pet,Mascotas / Pet Shop,011 4901-0380,"Rosario 751 C1424CCO, C1424CCO Cdad. Autónoma de Buenos Aires",5.0,NO,E-commerce WhatsApp & Turnos Peluquería,"https://www.google.com/maps/place/B%C3%ADrichini+pet/@-34.6274716,-58.449356,16z/data=!4m10!1m2!2m1!1spet+shop+caballito+caba!3m6!1s0x95bccb45c8c45d07:0x72a15e8f18f793a8!8m2!3d-34.6202688!4d-58.4394124!15sChdwZXQgc2hvcCBjYWJhbGxpdG8gY2FiYVoZIhdwZXQgc2hvcCBjYWJhbGxpdG8gY2FiYZIBCXBldF9zdG9yZZoBI0NoWkRTVWhOTUc5blMwVlFOMVkzTjI1R01tWnFibGhuRUFF4AEA-gEECAAQLQ!16s%2Fg%2F11fmjth0_l?entry=ttu&g_ep=EgoyMDI2MDkyOS4wIKXMDSoASAFQAw%3D%3D"
Pet Shop Caninos,Mascotas / Pet Shop,011 6496-7250,"Av. Juan Bautista Alberdi 931, C1424BYJ Cdad. Autónoma de Buenos Aires",4.3,NO,E-commerce WhatsApp & Turnos Peluquería,"https://www.google.com/maps/place/Pet+Shop+Caninos/@-34.6274716,-58.449356,16z/data=!4m10!1m2!2m1!1spet+shop+caballito+caba!3m6!1s0x95bcca380d54b577:0x336aefe18031f9f6!8m2!3d-34.6226974!4d-58.4413583!15sChdwZXQgc2hvcCBjYWJhbGxpdG8gY2FiYVoZIhdwZXQgc2hvcCBjYWJhbGxpdG8gY2FiYZIBC3BldF9ncm9vbWVymgEjQ2haRFNVaE5NRzluUzBWSlEwRm5TVVJzYUdaVWJsVlJFQUXgAQD6AQQIABBC!16s%2Fg%2F11b6y9c427?entry=ttu&g_ep=EgoyMDI2MDkyOS4wIKXMDSoASAFQAw%3D%3D"
Huesitos Pet shop,Mascotas / Pet Shop,011 4319-7506,"Yerbal 887, C1405 C1405CDQ, Cdad. Autónoma de Buenos Aires",4.8,NO,E-commerce WhatsApp & Turnos Peluquería,"https://www.google.com/maps/place/Huesitos+Pet+shop/@-34.619718,-58.4521894,16z/data=!4m10!1m2!2m1!1spet+shop+caballito+caba!3m6!1s0x95bccb23e024f9c3:0x49dcfe2f8b156f0d!8m2!3d-34.619718!4d-58.4431772!15sChdwZXQgc2hvcCBjYWJhbGxpdG8gY2FiYVoZIhdwZXQgc2hvcCBjYWJhbGxpdG8gY2FiYZIBCmZlZWRfc3RvcmWaASNDaFpEU1VoTk1HOW5TMFZKUTBGblNVTkNhVXA1T1dWbkVBReABAPoBBAgAEBY!16s%2Fg%2F11ry38_xvs?entry=ttu&g_ep=EgoyMDI2MDkyOS4wIKXMDSoASAFQAw%3D%3D"
AREA PET,Mascotas / Pet Shop,011 4853-2549,"Juncal 2731, C1425AYG Cdad. Autónoma de Buenos Aires",4.5,NO,E-commerce WhatsApp & Turnos Peluquería,"https://www.google.com/maps/place/AREA+PET/@-34.5948729,-58.439007,14z/data=!4m11!1m3!2m2!1spet+shop+recoleta+caba!6e6!3m6!1s0x95bccba4b5cd9d43:0xd8b17b6ea5320eac!8m2!3d-34.5893229!4d-58.4044894!15sChZwZXQgc2hvcCByZWNvbGV0YSBjYWJhWhgiFnBldCBzaG9wIHJlY29sZXRhIGNhYmGSAQlwZXRfc3RvcmWaASRDaGREU1VoTk1HOW5TMFZOU0VnMWIwUkdNbkJwZVd0M1JSQULgAQD6AQQIABBB!16s%2Fg%2F11j_t6gy2z?entry=ttu&g_ep=EgoyMDI2MDkyOS4wIKXMDSoASAFQAw%3D%3D"
King & Queen Pet Shop,Mascotas / Pet Shop,011 15-2165-6136,"Sánchez de Bustamante 1661, C1425DUG Cdad. Autónoma de Buenos Aires",4.6,NO,E-commerce WhatsApp & Turnos Peluquería,"https://www.google.com/maps/place/King+%26+Queen+Pet+Shop/@-34.5948729,-58.439007,14z/data=!4m11!1m3!2m2!1spet+shop+recoleta+caba!6e6!3m6!1s0x95bcca846af7b6d5:0xb701b260e26daf3b!8m2!3d-34.5918327!4d-58.410031!15sChZwZXQgc2hvcCByZWNvbGV0YSBjYWJhWhgiFnBldCBzaG9wIHJlY29sZXRhIGNhYmGSAQlwZXRfc3RvcmWaAURDaTlEUVVsUlFVTnZaRU5vZEhsalJqbHZUMjVKZDAxNU1WZE5hMUUxVjFSS01XVllSbkprUkZaU1lWVndWMk5zUlJBQuABAPoBBAgAEEI!16s%2Fg%2F11ptmtchc9?entry=ttu&g_ep=EgoyMDI2MDkyOS4wIKXMDSoASAFQAw%3D%3D"
Kiki Pet Shop & Bath,Mascotas / Pet Shop,011 15-4029-6216,"Laprida 1290, C1425 Cdad. Autónoma de Buenos Aires",5.0,NO,E-commerce WhatsApp & Turnos Peluquería,"https://www.google.com/maps/place/Kiki+Pet+Shop+%26+Bath/@-34.5948729,-58.439007,14z/data=!4m11!1m3!2m2!1spet+shop+recoleta+caba!6e6!3m6!1s0x95bccb45a308b1ff:0xaf7b87c44bbb306d!8m2!3d-34.5937533!4d-58.407438!15sChZwZXQgc2hvcCByZWNvbGV0YSBjYWJhWhgiFnBldCBzaG9wIHJlY29sZXRhIGNhYmGSARBwZXRfc3VwcGx5X3N0b3JlmgEjQ2haRFNVaE5NRzluUzBWSlEwRm5UVU5KTlVzeVMyRm5FQUXgAQD6AQQIFBAx!16s%2Fg%2F11q8wwycyf?entry=ttu&g_ep=EgoyMDI2MDkyOS4wIKXMDSoASAFQAw%3D%3D"
Petshop Leo y Axel,Mascotas / Pet Shop,011 7358-3408,"Juan Ramírez de Velasco 175, C1414 Cdad. Autónoma de Buenos Aires",5.0,NO,E-commerce WhatsApp & Turnos Peluquería,"https://www.google.com/maps/place/Petshop+Leo+y+Axel/@-34.6011013,-58.4520205,15z/data=!4m11!1m3!2m2!1spet+shop+villa+crespo+caba!6e6!3m6!1s0x95bccbf2074de771:0x346319b72ad729a6!8m2!3d-34.6010101!4d-58.4340536!15sChpwZXQgc2hvcCB2aWxsYSBjcmVzcG8gY2FiYZIBC3BldF9ncm9vbWVy4AEA!16s%2Fg%2F11gw9cwd9w?entry=ttu&g_ep=EgoyMDI2MDkyOS4wIKXMDSoASAFQAw%3D%3D"
Pet Friendly,Mascotas / Pet Shop,011 2359-9913,"Vera 21, C1414AOA Cdad. Autónoma de Buenos Aires",4.9,NO,E-commerce WhatsApp & Turnos Peluquería,"https://www.google.com/maps/place/Pet+Friendly/@-34.6015723,-58.4496081,15z/data=!4m11!1m3!2m2!1spet+shop+villa+crespo+caba!6e6!3m6!1s0x95bccb39629e9a93:0xa8b0751d23b46543!8m2!3d-34.6027468!4d-58.4341676!15sChpwZXQgc2hvcCB2aWxsYSBjcmVzcG8gY2FiYZIBC3BldF9ncm9vbWVy4AEA!16s%2Fg%2F11mbs0949w?entry=ttu&g_ep=EgoyMDI2MDkyOS4wIKXMDSoASAFQAw%3D%3D"
DISTRICAN,Mascotas / Pet Shop,011 4857-1441,"Av. Warnes 342, C1414 AAQ, Cdad. Autónoma de Buenos Aires",4.8,NO,E-commerce WhatsApp & Turnos Peluquería,"https://www.google.com/maps/place/DISTRICAN/@-34.6025626,-58.460069,15z/data=!4m11!1m3!2m2!1spet+shop+villa+crespo+caba!6e6!3m6!1s0x95bcca0d1e7afdc1:0x5134450d5eca0be6!8m2!3d-34.6025626!4d-58.4420446!15sChpwZXQgc2hvcCB2aWxsYSBjcmVzcG8gY2FiYVocIhpwZXQgc2hvcCB2aWxsYSBjcmVzcG8gY2FiYZIBCXBldF9zdG9yZeABAA!16s%2Fg%2F1tjjqkhj?entry=ttu&g_ep=EgoyMDI2MDkyOS4wIKXMDSoASAFQAw%3D%3D"
Pet Shop Grandes Amigos,Mascotas / Pet Shop,011 3119-1969,"Quintino Bocayuva 224, C1181 AAF, Cdad. Autónoma de Buenos Aires",5.0,NO,E-commerce WhatsApp & Turnos Peluquería,"https://www.google.com/maps/place/Pet+Shop+Grandes+Amigos/@-34.6182692,-58.4422971,15z/data=!4m11!1m3!2m2!1spet+shop+almagro+caba!6e6!3m6!1s0x95bcca59585639d7:0xc6815beaf8c00850!8m2!3d-34.615102!4d-58.422895!15sChVwZXQgc2hvcCBhbG1hZ3JvIGNhYmFaFyIVcGV0IHNob3AgYWxtYWdybyBjYWJhkgEQcGV0X3N1cHBseV9zdG9yZZoBRENpOURRVWxSUVVOdlpFTm9kSGxqUmpsdlQyMUdkVlZXVVhoaFYwWklUMVYwUkZWRlZqVlVNRXBoVjBWNGFWUkdSUkFC4AEA-gEECAAQLQ!16s%2Fg%2F11btn17ysb?entry=ttu&g_ep=EgoyMDI2MDkyOS4wIKXMDSoASAFQAw%3D%3D"
Don Simon Pet Shop,Mascotas / Pet Shop,011 6139-3016,"Castro Barros 787, C1217 Cdad. Autónoma de Buenos Aires",5.0,NO,E-commerce WhatsApp & Turnos Peluquería,"https://www.google.com/maps/place/Don+Simon+Pet+Shop/@-34.6182692,-58.4422971,15z/data=!4m11!1m3!2m2!1spet+shop+almagro+caba!6e6!3m6!1s0x95bccb87cd7fc65d:0x527a8c685000f248!8m2!3d-34.6209749!4d-58.4196096!15sChVwZXQgc2hvcCBhbG1hZ3JvIGNhYmFaFyIVcGV0IHNob3AgYWxtYWdybyBjYWJhkgEJcGV0X3N0b3JlmgEjQ2haRFNVaE5NRzluUzBWUFpUaHNjelpVY2kxaE4wbG5FQUXgAQD6AQQINxBH!16s%2Fg%2F11wwzy141x?entry=ttu&g_ep=EgoyMDI2MDkyOS4wIKXMDSoASAFQAw%3D%3D"
Pet Shop León Urquiza,Mascotas / Pet Shop,011 15-6980-1155,"Blanco Encalada 5075, Villa Urquiza, Juramento 5032, C1431 Cdad. Autónoma de Buenos Aires",4.4,NO,E-commerce WhatsApp & Turnos Peluquería,"https://www.google.com/maps/place/Pet+Shop+Le%C3%B3n+Urquiza/@-34.5743989,-58.5071029,15z/data=!3m1!5s0x95bcb65d79a405eb:0x9ce80539bba410e3!4m11!1m3!2m2!1spet+shop+villa+urquiza+caba!6e6!3m6!1s0x95bcb7a5ddd359fd:0xbe07f485f45e5483!8m2!3d-34.5754237!4d-58.4864258!15sChtwZXQgc2hvcCB2aWxsYSB1cnF1aXphIGNhYmFaHSIbcGV0IHNob3AgdmlsbGEgdXJxdWl6YSBjYWJhkgEKZmVlZF9zdG9yZZoBJENoZERTVWhOTUc5blMwVkpRMEZuU1VSNGNFcFVWM0JuUlJBQuABAPoBBAgAEDM!16s%2Fg%2F11rhv_zc34?entry=ttu&g_ep=EgoyMDI2MDkyOS4wIKXMDSoASAFQAw%3D%3D"
FOR PET VETERINARIA,Mascotas / Pet Shop,011 4523-2216,"Altolaguirre 1803, C1431ECI Cdad. Autónoma de Buenos Aires",4.6,NO,E-commerce WhatsApp & Turnos Peluquería,"https://www.google.com/maps/place/FOR+PET+VETERINARIA/@-34.5743989,-58.5071029,15z/data=!3m1!5s0x95bcb641fdbff40d:0xb5d310ad2219a077!4m11!1m3!2m2!1spet+shop+villa+urquiza+caba!6e6!3m6!1s0x95bcb641fd82c2c5:0xf37575de87bf87d7!8m2!3d-34.5829185!4d-58.4858882!15sChtwZXQgc2hvcCB2aWxsYSB1cnF1aXphIGNhYmFaHSIbcGV0IHNob3AgdmlsbGEgdXJxdWl6YSBjYWJhkgEJcGV0X3N0b3JlmgEkQ2hkRFNVaE5NRzluUzBWSlEwRm5TVVF0TUhGRFUzbDNSUkFC4AEA-gEECAAQQw!16s%2Fg%2F11b70hkbm2?entry=ttu&g_ep=EgoyMDI2MDkyOS4wIKXMDSoASAFQAw%3D%3D"
Veterinaria y Pet Shop PuntoVet Villa Urquiza,Mascotas / Pet Shop,011 3183-5444,"Av. Olazábal 5601, C1431 Cdad. Autónoma de Buenos Aires",4.6,NO,E-commerce WhatsApp & Turnos Peluquería,"https://www.google.com/maps/place/Veterinaria+y+Pet+Shop+PuntoVet+Villa+Urquiza/@-34.5743989,-58.5071029,15z/data=!4m11!1m3!2m2!1spet+shop+villa+urquiza+caba!6e6!3m6!1s0x95bcb7bf412d01f9:0xa76e9f314c3cac8c!8m2!3d-34.5798237!4d-58.4919346!15sChtwZXQgc2hvcCB2aWxsYSB1cnF1aXphIGNhYmFaHSIbcGV0IHNob3AgdmlsbGEgdXJxdWl6YSBjYWJhkgEMdmV0ZXJpbmFyaWFumgEkQ2hkRFNVaE5NRzluUzBWSlEwRm5TVU5vYkhGNk9IUm5SUkFC4AEA-gEECHAQRg!16s%2Fg%2F11fq2_4y0b?entry=ttu&g_ep=EgoyMDI2MDkyOS4wIKXMDSoASAFQAw%3D%3D"
Estación Mascotas,Mascotas / Pet Shop,011 2462-0653,"Blanco Encalada 4760, C1431CDH Cdad. Autónoma de Buenos Aires",4.8,NO,E-commerce WhatsApp & Turnos Peluquería,"https://www.google.com/maps/place/Estaci%C3%B3n+Mascotas/@-34.5743989,-58.5071029,15z/data=!4m11!1m3!2m2!1spet+shop+villa+urquiza+caba!6e6!3m6!1s0x95bcb66702dd19f9:0x30dbe450b3061c28!8m2!3d-34.5737137!4d-58.4830946!15sChtwZXQgc2hvcCB2aWxsYSB1cnF1aXphIGNhYmFaHSIbcGV0IHNob3AgdmlsbGEgdXJxdWl6YSBjYWJhkgEQcGV0X3N1cHBseV9zdG9yZZoBJENoZERTVWhOTUc5blMwVkpRMEZuU1VNMWRYTkhVRzFSUlJBQuABAPoBBAgAED4!16s%2Fg%2F11gbtq5dcv?entry=ttu&g_ep=EgoyMDI2MDkyOS4wIKXMDSoASAFQAw%3D%3D"
petshop leon,Mascotas / Pet Shop,011 6825-7391,"Av. Triunvirato 4842, C1431 Cdad. Autónoma de Buenos Aires",4.9,NO,E-commerce WhatsApp & Turnos Peluquería,"https://www.google.com/maps/place/petshop+leon/@-34.5743989,-58.5071029,15z/data=!4m11!1m3!2m2!1spet+shop+villa+urquiza+caba!6e6!3m6!1s0x95bcb593cb0d8fe1:0x42ec333d4b6d2f88!8m2!3d-34.5732658!4d-58.4874559!15sChtwZXQgc2hvcCB2aWxsYSB1cnF1aXphIGNhYmFaHSIbcGV0IHNob3AgdmlsbGEgdXJxdWl6YSBjYWJhkgEJcGV0X3N0b3JlmgFEQ2k5RFFVbFJRVU52WkVOb2RIbGpSamx2VDJzNU1WcEZTbTlVTURWR1dtcFNhVTlFVWsxWU1ITXpWVVprZUdWR1JSQULgAQD6AQQIABA6!16s%2Fg%2F11tp4jcmjw?entry=ttu&g_ep=EgoyMDI2MDkyOS4wIKXMDSoASAFQAw%3D%3D"
Tinto Pet Louis,Mascotas / Pet Shop,011 2766-3489,"Bucarelli 2592, C1431DRD Cdad. Autónoma de Buenos Aires",5.0,NO,E-commerce WhatsApp & Turnos Peluquería,"https://www.google.com/maps/place/Tinto+Pet+Louis/@-34.5743989,-58.5071029,15z/data=!4m11!1m3!2m2!1spet+shop+villa+urquiza+caba!6e6!3m6!1s0x95bcb7003f270d6b:0x57335f2385e1a009!8m2!3d-34.5742615!4d-58.4900865!15sChtwZXQgc2hvcCB2aWxsYSB1cnF1aXphIGNhYmFaHSIbcGV0IHNob3AgdmlsbGEgdXJxdWl6YSBjYWJhkgEKZmVlZF9zdG9yZZoBRENpOURRVWxSUVVOdlpFTm9kSGxqUmpsdlQydEdTMDFWVWtKVlZrWlFZMFZLYVUxSVVqRlRNazV2WTFaYWJGbHRZeEFC4AEA-gEECAAQRw!16s%2Fg%2F11ypq793d6?entry=ttu&g_ep=EgoyMDI2MDkyOS4wIKXMDSoASAFQAw%3D%3D"
Tinto Pet,Mascotas / Pet Shop,011 2382-9939,"Mariano Acha 2719, C1430 Cdad. Autónoma de Buenos Aires",4.6,NO,E-commerce WhatsApp & Turnos Peluquería,"https://www.google.com/maps/place/Tinto+Pet/@-34.5743989,-58.5071029,15z/data=!4m11!1m3!2m2!1spet+shop+villa+urquiza+caba!6e6!3m6!1s0x95bcb661c83e89b7:0xe3efae473db7723!8m2!3d-34.5678873!4d-58.4808192!15sChtwZXQgc2hvcCB2aWxsYSB1cnF1aXphIGNhYmFaHSIbcGV0IHNob3AgdmlsbGEgdXJxdWl6YSBjYWJhkgEKZmVlZF9zdG9yZZoBJENoZERTVWhOTUc5blMwVkpRMEZuU1VSNE5VOXRkMjVuUlJBQuABAPoBBAgkEBg!16s%2Fg%2F11c6_dgx1f?entry=ttu&g_ep=EgoyMDI2MDkyOS4wIKXMDSoASAFQAw%3D%3D"
Animal Beauty,Mascotas / Pet Shop,011 7525-5634,"Quesada 4500, C1430AYH Cdad. Autónoma de Buenos Aires",4.7,NO,E-commerce WhatsApp & Turnos Peluquería,"https://www.google.com/maps/place/Animal+Beauty/@-34.5742237,-58.4974689,15z/data=!4m11!1m3!2m2!1spet+shop+villa+urquiza+caba!6e6!3m6!1s0x95bcb68af09b7f87:0x1eab08c7737286a5!8m2!3d-34.5650111!4d-58.4834079!15sChtwZXQgc2hvcCB2aWxsYSB1cnF1aXphIGNhYmFaHSIbcGV0IHNob3AgdmlsbGEgdXJxdWl6YSBjYWJhkgEQcGV0X3N1cHBseV9zdG9yZZoBI0NoWkRTVWhOTUc5blMwVkpRMEZuU1VNdGVUZzJaVXQzRUFF4AEA-gEECAAQOQ!16s%2Fg%2F11b6bwdq2m?entry=ttu&g_ep=EgoyMDI2MDkyOS4wIKXMDSoASAFQAw%3D%3D"
Planeta Mascota Flores,Mascotas / Pet Shop,011 15-5334-4473,"Cnel. Ramón L. Falcón 2212, C1406 Cdad. Autónoma de Buenos Aires",4.8,NO,E-commerce WhatsApp & Turnos Peluquería,"https://www.google.com/maps/place/Planeta+Mascota+Flores/@-34.629338,-58.4775084,15z/data=!4m11!1m3!2m2!1spet+shop+flores+caba!6e6!3m6!1s0x95bccbe8b2235eed:0xc2563b9f6776f79f!8m2!3d-34.629338!4d-58.459484!15sChRwZXQgc2hvcCBmbG9yZXMgY2FiYVoWIhRwZXQgc2hvcCBmbG9yZXMgY2FiYZIBEHBldF9zdXBwbHlfc3RvcmWaASNDaFpEU1VoTk1HOW5TMFZKUTBGblNVTnFlRjltVmxCbkVBReABAPoBBAgUECo!16s%2Fg%2F11ldhfg_15?entry=ttu&g_ep=EgoyMDI2MDkyOS4wIKXMDSoASAFQAw%3D%3D"
Pet Shop El bulldog - Huellitas,Mascotas / Pet Shop,011 6977-0605,"Av. Directorio 1508, C1406 Buenos Aires, C.f.",4.7,NO,E-commerce WhatsApp & Turnos Peluquería,"https://www.google.com/maps/place/Pet+Shop+El+bulldog+-+Huellitas/@-34.6303027,-58.4663842,15z/data=!3m1!5s0x95bcca310cbf3adf:0xbfadee1900303e1e!4m11!1m3!2m2!1spet+shop+flores+caba!6e6!3m6!1s0x95bcca310c8a1f85:0x72117ab4a39bf31d!8m2!3d-34.6303027!4d-58.4483598!15sChRwZXQgc2hvcCBmbG9yZXMgY2FiYVoWIhRwZXQgc2hvcCBmbG9yZXMgY2FiYZIBCXBldF9zdG9yZZoBRENpOURRVWxSUVVOdlpFTm9kSGxqUmpsdlQyNVNTR015ZEZSTVZ6RlRUakpXZGs5V2F6Tk9WMlJoWVhwYWQyTXpZeEFC4AEA-gEECCMQJw!16s%2Fg%2F1tdd6f_q?entry=ttu&g_ep=EgoyMDI2MDkyOS4wIKXMDSoASAFQAw%3D%3D"
La Porteña Pet Shop & Gardening,Mascotas / Pet Shop,2055-9104,"Av. Juan Bautista Alberdi 927, C1424BYJ Cdad. Autónoma de Buenos Aires",5.0,NO,E-commerce WhatsApp & Turnos Peluquería,"https://www.google.com/maps/place/La+Porte%C3%B1a+Pet+Shop+%26+Gardening/@-34.6316493,-58.46122,15z/data=!4m11!1m3!2m2!1spet+shop+flores+caba!6e6!3m6!1s0x95bcca386878d287:0x26d253c454cce34f!8m2!3d-34.6227278!4d-58.4412995!15sChRwZXQgc2hvcCBmbG9yZXMgY2FiYVoWIhRwZXQgc2hvcCBmbG9yZXMgY2FiYZIBEHBldF9zdXBwbHlfc3RvcmXgAQA!16s%2Fg%2F11b6qztlc2?entry=ttu&g_ep=EgoyMDI2MDkyOS4wIKXMDSoASAFQAw%3D%3D"
Pet Shop Multimascota Flores,Mascotas / Pet Shop,011 2326-0222,"Camacuá 27, C1406DOA Cdad. Autónoma de Buenos Aires",4.5,NO,E-commerce WhatsApp & Turnos Peluquería,"https://www.google.com/maps/place/Pet+Shop+Multimascota+Flores/@-34.6322478,-58.4751827,15z/data=!4m11!1m3!2m2!1spet+shop+flores+caba!6e6!3m6!1s0x95bccb005f47880d:0x1fdfbd8b6bd61eb5!8m2!3d-34.6280276!4d-58.458874!15sChRwZXQgc2hvcCBmbG9yZXMgY2FiYVoWIhRwZXQgc2hvcCBmbG9yZXMgY2FiYZIBCXBldF9zdG9yZZoBRENpOURRVWxSUVVOdlpFTm9kSGxqUmpsdlQyMXNhV0pYYUhWak1rWjZUMFk1Y1U5VlZsWk5NMDVWVjBad2VFNVdSUkFC4AEA-gEECAAQKQ!16s%2Fg%2F11yhg5lxjn?entry=ttu&g_ep=EgoyMDI2MDkyOS4wIKXMDSoASAFQAw%3D%3D"
PET SHOP Del Parque,Mascotas / Pet Shop,011 3793-7921,"Av. Eva Perón 1571, C1406 Cdad. Autónoma de Buenos Aires",4.6,NO,E-commerce WhatsApp & Turnos Peluquería,"https://www.google.com/maps/place/PET+SHOP+Del+Parque/@-34.633817,-58.4641817,15z/data=!4m11!1m3!2m2!1spet+shop+flores+caba!6e6!3m6!1s0x95bcca337ba48e75:0xbcce1d94c691af94!8m2!3d-34.633817!4d-58.4461573!15sChRwZXQgc2hvcCBmbG9yZXMgY2FiYVoWIhRwZXQgc2hvcCBmbG9yZXMgY2FiYZIBCXBldF9zdG9yZZoBRENpOURRVWxSUVVOdlpFTm9kSGxqUmpsdlQyNU9XR05yT1hWT2JEbHNWa1JLUkU1cE1ETlhiVGxUWkVkT1ZWRXlZeEFC4AEA-gEECAAQKg!16s%2Fg%2F11b73z3ypw?entry=ttu&g_ep=EgoyMDI2MDkyOS4wIKXMDSoASAFQAw%3D%3D"
Lucky PET SHOP,Mascotas / Pet Shop,011 3434-8141,"Sanabria 2750, C1417 Cdad. Autónoma de Buenos Aires",4.7,NO,E-commerce WhatsApp & Turnos Peluquería,"https://www.google.com/maps/place/Lucky+PET+SHOP/@-34.5995618,-58.5379777,14z/data=!4m11!1m3!2m2!1spet+shop+devoto+caba!6e6!3m6!1s0x95bcb62ae335abc9:0x9e42194502bcb95c!8m2!3d-34.6111532!4d-58.5066045!15sChRwZXQgc2hvcCBkZXZvdG8gY2FiYVoWIhRwZXQgc2hvcCBkZXZvdG8gY2FiYZIBCXBldF9zdG9yZZoBRENpOURRVWxSUVVOdlpFTm9kSGxqUmpsdlQyMXNhbEl5TVdwaVYyeDZZVlJhUm1GdGNFVmhiRlp0WkVSQ2VGUkZSUkFC4AEA-gEECAAQSg!16s%2Fg%2F11fpfvxwgk?entry=ttu&g_ep=EgoyMDI2MDkyOS4wIKXMDSoASAFQAw%3D%3D"
GINEBRA PET SHOP,Mascotas / Pet Shop,011 15-3080-4293,"Chivilcoy 2590, C1417 Cdad. Autónoma de Buenos Aires",4.8,NO,E-commerce WhatsApp & Turnos Peluquería,"https://www.google.com/maps/place/GINEBRA+PET+SHOP/@-34.5995618,-58.5379777,14z/data=!4m11!1m3!2m2!1spet+shop+devoto+caba!6e6!3m6!1s0x95bcb62c4f37bb9b:0x7a84b7754e43504f!8m2!3d-34.6097386!4d-58.5031961!15sChRwZXQgc2hvcCBkZXZvdG8gY2FiYVoWIhRwZXQgc2hvcCBkZXZvdG8gY2FiYZIBEHBldF9zdXBwbHlfc3RvcmWaAURDaTlEUVVsUlFVTnZaRU5vZEhsalJqbHZUMjFPV0U0eFpIQmlNa3BwWTFoR2VGZHVjSHBOTW1SMFRVaG9SMDFYWXhBQuABAPoBBAgSEC0!16s%2Fg%2F11c6f99ytl?entry=ttu&g_ep=EgoyMDI2MDkyOS4wIKXMDSoASAFQAw%3D%3D"
Lucky Pets,Mascotas / Pet Shop,011 7064-2536,"Av. Francisco Beiró 5047, C1419HZM Cdad. Autónoma de Buenos Aires",4.9,NO,E-commerce WhatsApp & Turnos Peluquería,"https://www.google.com/maps/place/Lucky+Pets/@-34.6113402,-58.5572997,14z/data=!4m11!1m3!2m2!1spet+shop+devoto+caba!6e6!3m6!1s0x95bcb70072593d03:0x7191ca83e14f241!8m2!3d-34.6113402!4d-58.5212508!15sChRwZXQgc2hvcCBkZXZvdG8gY2FiYVoWIhRwZXQgc2hvcCBkZXZvdG8gY2FiYZIBEHBldF9zdXBwbHlfc3RvcmWaAURDaTlEUVVsUlFVTnZaRU5vZEhsalJqbHZUMjFLU1dSR2NGbE9WVmwwV1d3NU0xVnNRVFJOTW1zeVUxUldhR1ZYWXhBQuABAPoBBAgAED4!16s%2Fg%2F11wqqjdg1y?entry=ttu&g_ep=EgoyMDI2MDkyOS4wIKXMDSoASAFQAw%3D%3D"
Sky Vet Pet Shop y Clínica Veterinaria,Mascotas / Pet Shop,011 3135-4597,"C. Llavallol 4393, C1419 Cdad. Autónoma de Buenos Aires",4.9,NO,E-commerce WhatsApp & Turnos Peluquería,"https://www.google.com/maps/place/Sky+Vet+Pet+Shop+y+Cl%C3%ADnica+Veterinaria/@-34.6113402,-58.5572997,14z/data=!4m11!1m3!2m2!1spet+shop+devoto+caba!6e6!3m6!1s0x95bcb7ed93de5457:0xa2f4f1f95d946d93!8m2!3d-34.5926499!4d-58.5066412!15sChRwZXQgc2hvcCBkZXZvdG8gY2FiYVoWIhRwZXQgc2hvcCBkZXZvdG8gY2FiYZIBDHZldGVyaW5hcmlhbpoBRENpOURRVWxSUVVOdlpFTm9kSGxqUmpsdlQyeGFkbFpWY0hCUldFSjRXbXhaZWxneWFGTmhNMFo0WldzMVNsTnVZeEFC4AEA-gEECAAQQA!16s%2Fg%2F11vwp21073?entry=ttu&g_ep=EgoyMDI2MDkyOS4wIKXMDSoASAFQAw%3D%3D"
Pet Shop Bros Hermanos Risso,Mascotas / Pet Shop,011 6002-5050,"Nogoyá 3688, C1417 Cdad. Autónoma de Buenos Aires",4.9,NO,E-commerce WhatsApp & Turnos Peluquería,"https://www.google.com/maps/place/Pet+Shop+Bros+Hermanos+Risso/@-34.6066011,-58.5340898,14z/data=!4m11!1m3!2m2!1spet+shop+devoto+caba!6e6!3m6!1s0x95bcb7559331683b:0xc70a4fac196ae0e6!8m2!3d-34.6066011!4d-58.4980409!15sChRwZXQgc2hvcCBkZXZvdG8gY2FiYVoWIhRwZXQgc2hvcCBkZXZvdG8gY2FiYZIBEHBldF9zdXBwbHlfc3RvcmWaAURDaTlEUVVsUlFVTnZaRU5vZEhsalJqbHZUMjV3ZFdKNldrWlpNalExWVVod1ZHSnNTbE5rVm1SU1ZsZEtibVJIWXhBQuABAPoBBAgMECw!16s%2Fg%2F11xcd19msy?entry=ttu&g_ep=EgoyMDI2MDkyOS4wIKXMDSoASAFQAw%3D%3D"
"Pet shop Peluquería Canina ""Don Fleco""",Mascotas / Pet Shop,011 2480-2127,"Olleros 4145, C1427 EEM, Cdad. Autónoma de Buenos Aires",4.5,NO,E-commerce WhatsApp & Turnos Peluquería,"https://www.google.com/maps/place/Pet+shop+Peluquer%C3%ADa+Canina+%22Don+Fleco%22/@-34.583137,-58.4704582,15z/data=!4m10!1m2!2m1!1spet+shop+colegiales+chacarita+caba!3m6!1s0x95bcb5e5110ddde1:0x55c705c10089475d!8m2!3d-34.5865922!4d-58.4535693!15sCiJwZXQgc2hvcCBjb2xlZ2lhbGVzIGNoYWNhcml0YSBjYWJhWiQiInBldCBzaG9wIGNvbGVnaWFsZXMgY2hhY2FyaXRhIGNhYmGSAQlwZXRfc3RvcmWaASNDaFpEU1VoTk1HOW5TMFZKUTBGblNVTlNhamN6YzAxQkVBReABAPoBBAgAEC4!16s%2Fg%2F11b6hq4z1z?entry=ttu&g_ep=EgoyMDI2MDkyOS4wIKXMDSoASAFQAw%3D%3D"
Del Carril Pet Shop Colegiales,Mascotas / Pet Shop,011 7148-2124,"Av. Elcano 3088, C1428 Cdad. Autónoma de Buenos Aires",5.0,NO,E-commerce WhatsApp & Turnos Peluquería,"https://www.google.com/maps/place/Del+Carril+Pet+Shop+Colegiales/@-34.583137,-58.4704582,15z/data=!4m10!1m2!2m1!1spet+shop+colegiales+chacarita+caba!3m6!1s0x95bcb500523f24c1:0xfa2d85694988e29d!8m2!3d-34.5719081!4d-58.4586039!15sCiJwZXQgc2hvcCBjb2xlZ2lhbGVzIGNoYWNhcml0YSBjYWJhWiQiInBldCBzaG9wIGNvbGVnaWFsZXMgY2hhY2FyaXRhIGNhYmGSARBwZXRfc3VwcGx5X3N0b3JlmgFEQ2k5RFFVbFJRVU52WkVOb2RIbGpSamx2VDIxYVlWcHVjRUpZTVVKRVV6TkdRMDlYVmxkWGExcEdVMVZ3VldOSFl4QULgAQD6AQQIABA9!16s%2Fg%2F11mcbpb0c9?entry=ttu&g_ep=EgoyMDI2MDkyOS4wIKXMDSoASAFQAw%3D%3D"
Pet Shop Huellas de Luz,Mascotas / Pet Shop,011 3006-9299,"Av. Forest 409, C1427 Cdad. Autónoma de Buenos Aires",4.2,NO,E-commerce WhatsApp & Turnos Peluquería,"https://www.google.com/maps/place/Pet+Shop+Huellas+de+Luz/@-34.5902243,-58.4669582,15z/data=!4m10!1m2!2m1!1spet+shop+colegiales+chacarita+caba!3m6!1s0x95bcb5eb47f85ad1:0xa449587474dd19a4!8m2!3d-34.5867447!4d-58.4522878!15sCiJwZXQgc2hvcCBjb2xlZ2lhbGVzIGNoYWNhcml0YSBjYWJhWiQiInBldCBzaG9wIGNvbGVnaWFsZXMgY2hhY2FyaXRhIGNhYmGSARBwZXRfc3VwcGx5X3N0b3Jl4AEA!16s%2Fg%2F11vry8qj1q?entry=ttu&g_ep=EgoyMDI2MDkyOS4wIKXMDSoASAFQAw%3D%3D"
Piccoli Pet,Mascotas / Pet Shop,011 4765-6892,"Dorrego 1541, C1414CKK Cdad. Autónoma de Buenos Aires",4.2,NO,E-commerce WhatsApp & Turnos Peluquería,"https://www.google.com/maps/place/Piccoli+Pet/@-34.5840397,-58.4625434,15z/data=!4m10!1m2!2m1!1spet+shop+colegiales+chacarita+caba!3m6!1s0x95bcb5edc71d1fc5:0x8fa2dfc170f7533f!8m2!3d-34.5840397!4d-58.444519!15sCiJwZXQgc2hvcCBjb2xlZ2lhbGVzIGNoYWNhcml0YSBjYWJhWiQiInBldCBzaG9wIGNvbGVnaWFsZXMgY2hhY2FyaXRhIGNhYmGSAQpmZWVkX3N0b3JlmgFEQ2k5RFFVbFJRVU52WkVOb2RIbGpSamx2VDI1Wk5HUXlUVFJPVldocFRqRmtTR1JJVG5wWGJrWTBWVmRrVldWdFl4QULgAQD6AQQIShA9!16s%2Fg%2F11b6csvzk9?entry=ttu&g_ep=EgoyMDI2MDkyOS4wIKXMDSoASAFQAw%3D%3D"
Menta Spa canino,Mascotas / Pet Shop,011 6224-4416,"Manzanares 4078, C1430AEN Cdad. Autónoma de Buenos Aires",5.0,NO,E-commerce WhatsApp & Turnos Peluquería,"https://www.google.com/maps/place/Menta+Spa+canino/@-34.5553116,-58.5026118,15z/data=!4m11!1m3!2m2!1speluqueria+canina+pet+shop+saavedra+nu%C3%B1ez+caba!6e6!3m6!1s0x95bcb72d7f0b91ef:0xfcc910d9034c706c!8m2!3d-34.5553116!4d-58.4845874!15sCi9wZWx1cXVlcmlhIGNhbmluYSBwZXQgc2hvcCBzYWF2ZWRyYSBudcOxZXogY2FiYVoxIi9wZWx1cXVlcmlhIGNhbmluYSBwZXQgc2hvcCBzYWF2ZWRyYSBudcOxZXogY2FiYZIBC3BldF9ncm9vbWVymgFEQ2k5RFFVbFJRVU52WkVOb2RIbGpSamx2VDJ4V1VtUkVhRkpOUjBVeFQxaE9kVmt3ZUVKWk0yUklWVEpKTkUxWVl4QULgAQD6AQQIABAl!16s%2Fg%2F11nb4thblp?entry=ttu&g_ep=EgoyMDI2MDkyOS4wIKXMDSoASAFQAw%3D%3D"
COQUETES PET-SHOP,Mascotas / Pet Shop,011 4546-0024,"Crisólogo Larralde 3652, C1430 AIF, Cdad. Autónoma de Buenos Aires",4.8,NO,E-commerce WhatsApp & Turnos Peluquería,"https://www.google.com/maps/place/COQUETES+PET-SHOP/@-34.5553116,-58.5026118,15z/data=!3m1!5s0x95bcb691e5d15385:0xb88bead5e9ef97e6!4m11!1m3!2m2!1speluqueria+canina+pet+shop+saavedra+nu%C3%B1ez+caba!6e6!3m6!1s0x95bcb691e5eeae83:0x30721e88c149adf3!8m2!3d-34.5551052!4d-58.4791227!15sCi9wZWx1cXVlcmlhIGNhbmluYSBwZXQgc2hvcCBzYWF2ZWRyYSBudcOxZXogY2FiYVoxIi9wZWx1cXVlcmlhIGNhbmluYSBwZXQgc2hvcCBzYWF2ZWRyYSBudcOxZXogY2FiYZIBEHBldF9zdXBwbHlfc3RvcmWaAURDaTlEUVVsUlFVTnZaRU5vZEhsalJqbHZUMnhTVTFWR1FsaFlNR1JYVGxkUk1WUldaR2hPU0ZacVZVUkZkRk5yUlJBQuABAPoBBAgVECU!16s%2Fg%2F11g6905xrw?entry=ttu&g_ep=EgoyMDI2MDkyOS4wIKXMDSoASAFQAw%3D%3D"
Pet Shop Lumi,Mascotas / Pet Shop,011 4704-9942,"Av. García del Río 2487, C1429 DEA, Cdad. Autónoma de Buenos Aires",3.9,NO,E-commerce WhatsApp & Turnos Peluquería,"https://www.google.com/maps/place/Pet+Shop+Lumi/@-34.5483991,-58.4879194,15z/data=!4m11!1m3!2m2!1speluqueria+canina+pet+shop+saavedra+nu%C3%B1ez+caba!6e6!3m6!1s0x95bcb69be428eb8d:0xe1323a8849bc8324!8m2!3d-34.5483991!4d-58.469895!15sCi9wZWx1cXVlcmlhIGNhbmluYSBwZXQgc2hvcCBzYWF2ZWRyYSBudcOxZXogY2FiYVoxIi9wZWx1cXVlcmlhIGNhbmluYSBwZXQgc2hvcCBzYWF2ZWRyYSBudcOxZXogY2FiYZIBDHZldGVyaW5hcmlhbpoBRENpOURRVWxSUVVOdlpFTm9kSGxqUmpsdlQyMW9WRk5FVmtoVmJXaHpWVmhXUkZKVVZsRlNhMHBDVlcxT1JWRnJSUkFC4AEA-gEECAsQNQ!16s%2Fg%2F11b6csp0m4?entry=ttu&g_ep=EgoyMDI2MDkyOS4wIKXMDSoASAFQAw%3D%3D"
Peluqueria canina Pulguitas saavedra,Mascotas / Pet Shop,011 5799-1340,"Av. Ruiz Huidobro 3890, C1430 Cdad. Autónoma de Buenos Aires",4.0,NO,E-commerce WhatsApp & Turnos Peluquería,"https://www.google.com/maps/place/Peluqueria+canina+Pulguitas+saavedra/@-34.5472233,-58.5014376,15z/data=!4m11!1m3!2m2!1speluqueria+canina+pet+shop+saavedra+nu%C3%B1ez+caba!6e6!3m6!1s0x95bcb7c6e398d5bf:0xa4a0258d9374712!8m2!3d-34.5510043!4d-58.4865965!15sCi9wZWx1cXVlcmlhIGNhbmluYSBwZXQgc2hvcCBzYWF2ZWRyYSBudcOxZXogY2FiYVoxIi9wZWx1cXVlcmlhIGNhbmluYSBwZXQgc2hvcCBzYWF2ZWRyYSBudcOxZXogY2FiYZIBCmZlZWRfc3RvcmWaAURDaTlEUVVsUlFVTnZaRU5vZEhsalJqbHZUMjVDVGs1cmNFNU5WVkpTVTFSV2RFMHphekZUUlRoNldqQk9SR05WUlJBQuABAPoBBAgAECI!16s%2Fg%2F11trmyjnkk?entry=ttu&g_ep=EgoyMDI2MDkyOS4wIKXMDSoASAFQAw%3D%3D"
La Mascoteria,Mascotas / Pet Shop,011 5752-7066,"Vuelta de Obligado 3217, C1429 Cdad. Autónoma de Buenos Aires",4.6,NO,E-commerce WhatsApp & Turnos Peluquería,"https://www.google.com/maps/place/La+Mascoteria/@-34.5512519,-58.4828429,15z/data=!4m11!1m3!2m2!1speluqueria+canina+pet+shop+saavedra+nu%C3%B1ez+caba!6e6!3m6!1s0x95bcb7c2c4db78d1:0x5b60d7ddf6c57c9!8m2!3d-34.5512519!4d-58.4648185!15sCi9wZWx1cXVlcmlhIGNhbmluYSBwZXQgc2hvcCBzYWF2ZWRyYSBudcOxZXogY2FiYVoxIi9wZWx1cXVlcmlhIGNhbmluYSBwZXQgc2hvcCBzYWF2ZWRyYSBudcOxZXogY2FiYZIBC3BldF9ncm9vbWVymgEkQ2hkRFNVaE5NRzluUzBWSlEwRm5TVVJrTTFCUVEzTjNSUkFC4AEA-gEECAAQIw!16s%2Fg%2F11r8lhp2by?entry=ttu&g_ep=EgoyMDI2MDkyOS4wIKXMDSoASAFQAw%3D%3D"
Pet Shop Del Parque,Mascotas / Pet Shop,011 6528-8874,"Conde 3609, C1430FHO Cdad. Autónoma de Buenos Aires",4.6,NO,E-commerce WhatsApp & Turnos Peluquería,"https://www.google.com/maps/place/Pet+Shop+Del+Parque/@-34.5536148,-58.4950598,15z/data=!4m11!1m3!2m2!1speluqueria+canina+pet+shop+saavedra+nu%C3%B1ez+caba!6e6!3m6!1s0x95bcb6904a3c71bb:0x50297b9b19e147c0!8m2!3d-34.5536148!4d-58.4770354!15sCi9wZWx1cXVlcmlhIGNhbmluYSBwZXQgc2hvcCBzYWF2ZWRyYSBudcOxZXogY2FiYVoxIi9wZWx1cXVlcmlhIGNhbmluYSBwZXQgc2hvcCBzYWF2ZWRyYSBudcOxZXogY2FiYZIBCmZlZWRfc3RvcmWaASNDaFpEU1VoTk1HOW5TMFZKUTBGblNVTjJlalF6ZVZCbkVBReABAPoBBAgqEDE!16s%2Fg%2F11c3kq5p6l?entry=ttu&g_ep=EgoyMDI2MDkyOS4wIKXMDSoASAFQAw%3D%3D"
Pet Shop La Tata,Mascotas / Pet Shop,011 3006-2509,"Crisólogo Larralde 4699, C1430 Cdad. Autónoma de Buenos Aires",4.5,NO,E-commerce WhatsApp & Turnos Peluquería,"https://www.google.com/maps/place/Pet+Shop+La+Tata/@-34.5597824,-58.5070751,15z/data=!4m11!1m3!2m2!1speluqueria+canina+pet+shop+saavedra+nu%C3%B1ez+caba!6e6!3m6!1s0x95bcb6f25e5cf55f:0x9f1556d01fc2dcd8!8m2!3d-34.5597824!4d-58.4890507!15sCi9wZWx1cXVlcmlhIGNhbmluYSBwZXQgc2hvcCBzYWF2ZWRyYSBudcOxZXogY2FiYVoxIi9wZWx1cXVlcmlhIGNhbmluYSBwZXQgc2hvcCBzYWF2ZWRyYSBudcOxZXogY2FiYZIBEHBldF9zdXBwbHlfc3RvcmWaASRDaGREU1VoTk1HOW5TMFZKUTBGblNVTllja3hMUkhaUlJSQULgAQD6AQQIVxAS!16s%2Fg%2F11btly1snq?entry=ttu&g_ep=EgoyMDI2MDkyOS4wIKXMDSoASAFQAw%3D%3D"
Adrian Peluqueria Canina y Pet Shop,Mascotas / Pet Shop,011 5967-7343,"Roque Pérez 2753, C1430FBE C1430FBE C1430FBE, Cdad. Autónoma de Buenos Aires",5.0,NO,E-commerce WhatsApp & Turnos Peluquería,"https://www.google.com/maps/place/Adrian+Peluqueria+Canina+y+Pet+Shop/@-34.5623752,-58.4906872,15z/data=!4m11!1m3!2m2!1speluqueria+canina+pet+shop+saavedra+nu%C3%B1ez+caba!6e6!3m6!1s0x95bcb7002601343f:0x3d6a198cce781f8!8m2!3d-34.5623752!4d-58.4726628!15sCi9wZWx1cXVlcmlhIGNhbmluYSBwZXQgc2hvcCBzYWF2ZWRyYSBudcOxZXogY2FiYVoxIi9wZWx1cXVlcmlhIGNhbmluYSBwZXQgc2hvcCBzYWF2ZWRyYSBudcOxZXogY2FiYZIBCXBldF9zdG9yZZoBRENpOURRVWxSUVVOdlpFTm9kSGxqUmpsdlQyMUdiazF1V25wUFZUVlRaRlJGZEU0eU9VTlVSR3h3WkVVNVdsTnVZeEFC4AEA-gEECBIQRQ!16s%2Fg%2F11ld847h4h?entry=ttu&g_ep=EgoyMDI2MDkyOS4wIKXMDSoASAFQAw%3D%3D"
Pet Shop Huesitos,Mascotas / Pet Shop,011 4867-6060,"Av. Rivadavia 3207, C1203 AAE, Cdad. Autónoma de Buenos Aires",4.4,NO,E-commerce WhatsApp & Turnos Peluquería,"https://www.google.com/maps/place/Pet+Shop+Huesitos/@-34.6104239,-58.4299611,15z/data=!4m10!1m2!2m1!1spet+shop+veterinaria+balvanera+once+caba!3m6!1s0x95bccaf4103da2a9:0xa97dc28991c4f8f5!8m2!3d-34.6104239!4d-58.4119367!15sCihwZXQgc2hvcCB2ZXRlcmluYXJpYSBiYWx2YW5lcmEgb25jZSBjYWJhWioiKHBldCBzaG9wIHZldGVyaW5hcmlhIGJhbHZhbmVyYSBvbmNlIGNhYmGSAQlwZXRfc3RvcmXgAQA!16s%2Fg%2F1hc2bpcqg?entry=ttu&g_ep=EgoyMDI2MDkyOS4wIKXMDSoASAFQAw%3D%3D"
"Veterinaria y Pet Shop ""Los Canarios de Balvanera"" - Asociación Argentina de Canaricultura Roller",Mascotas / Pet Shop,011 2147-7696,"Av. Rivadavia 2317, C1034ACC Cdad. Autónoma de Buenos Aires",4.4,NO,E-commerce WhatsApp & Turnos Peluquería,"https://www.google.com/maps/place/Veterinaria+y+Pet+Shop+%22Los+Canarios+de+Balvanera%22+-+Asociaci%C3%B3n+Argentina+de+Canaricultura+Roller/@-34.6095079,-58.4174994,15z/data=!4m10!1m2!2m1!1spet+shop+veterinaria+balvanera+once+caba!3m6!1s0x95bccae92eefb047:0x490f790948c1bd27!8m2!3d-34.6095079!4d-58.399475!15sCihwZXQgc2hvcCB2ZXRlcmluYXJpYSBiYWx2YW5lcmEgb25jZSBjYWJhWioiKHBldCBzaG9wIHZldGVyaW5hcmlhIGJhbHZhbmVyYSBvbmNlIGNhYmGSAQx2ZXRlcmluYXJpYW6aASRDaGREU1VoTk1HOW5TMFZKUTBGblNVTm1ia2xEWVRsblJSQULgAQD6AQQIKxBB!16s%2Fg%2F1q63cn33b?entry=ttu&g_ep=EgoyMDI2MDkyOS4wIKXMDSoASAFQAw%3D%3D"
Puppy Shop,Mascotas / Pet Shop,011 4373-2034,"Moreno 1819, C1094 ABA, Cdad. Autónoma de Buenos Aires",4.0,NO,E-commerce WhatsApp & Turnos Peluquería,"https://www.google.com/maps/place/Puppy+Shop/@-34.6044052,-58.4172936,15z/data=!4m10!1m2!2m1!1spet+shop+veterinaria+balvanera+once+caba!3m6!1s0x95bccadd016b76b1:0x1a7fa76a5c796e9!8m2!3d-34.6124246!4d-58.3921838!15sCihwZXQgc2hvcCB2ZXRlcmluYXJpYSBiYWx2YW5lcmEgb25jZSBjYWJhkgEMdmV0ZXJpbmFyaWFu4AEA!16s%2Fg%2F11btmb0_64?entry=ttu&g_ep=EgoyMDI2MDkyOS4wIKXMDSoASAFQAw%3D%3D"
Veterinaria Spinetto,Mascotas / Pet Shop,011 4952-5910,"Moreno 2301, C1082 Cdad. Autónoma de Buenos Aires",3.9,NO,E-commerce WhatsApp & Turnos Peluquería,"https://www.google.com/maps/place/Veterinaria+Spinetto/@-34.6044052,-58.4172936,15z/data=!4m10!1m2!2m1!1spet+shop+veterinaria+balvanera+once+caba!3m6!1s0x95bccae8bf18a003:0x47adeb13282af203!8m2!3d-34.613026!4d-58.3989951!15sCihwZXQgc2hvcCB2ZXRlcmluYXJpYSBiYWx2YW5lcmEgb25jZSBjYWJhWioiKHBldCBzaG9wIHZldGVyaW5hcmlhIGJhbHZhbmVyYSBvbmNlIGNhYmGSARBwZXRfc3VwcGx5X3N0b3JlmgEkQ2hkRFNVaE5NRzluUzBWSlEwRm5TVVJxZVVwMVZqWlJSUkFC4AEA-gEECAAQQA!16s%2Fg%2F1hc4_hmbs?entry=ttu&g_ep=EgoyMDI2MDkyOS4wIKXMDSoASAFQAw%3D%3D"
Veterinaria del Centro,Mascotas / Pet Shop,011 4954-0981,"C. Pres. Jose E. Uriburu 662, C1027 AAN, Cdad. Autónoma de Buenos Aires",4.7,NO,E-commerce WhatsApp & Turnos Peluquería,"https://www.google.com/maps/place/Veterinaria+del+Centro/@-34.6044052,-58.4172936,15z/data=!4m10!1m2!2m1!1spet+shop+veterinaria+balvanera+once+caba!3m6!1s0x95bcca94c6de1f89:0xe7a0a0d2ca6a0822!8m2!3d-34.6015257!4d-58.3986813!15sCihwZXQgc2hvcCB2ZXRlcmluYXJpYSBiYWx2YW5lcmEgb25jZSBjYWJhWioiKHBldCBzaG9wIHZldGVyaW5hcmlhIGJhbHZhbmVyYSBvbmNlIGNhYmGSAQx2ZXRlcmluYXJpYW6aAURDaTlEUVVsUlFVTnZaRU5vZEhsalJqbHZUMjVTU2sxWE9XeFViVTV2VDBaV1dsVnRSbUZWUnpGUVVXczVUMVF3UlJBQuABAPoBBAgAEB0!16s%2Fg%2F11bxw8jzy1?entry=ttu&g_ep=EgoyMDI2MDkyOS4wIKXMDSoASAFQAw%3D%3D"
CLINICA VETERINARIA PLUTO,Mascotas / Pet Shop,011 4030-0979,"La Rioja 488, C1214 Cdad. Autónoma de Buenos Aires",4.7,NO,E-commerce WhatsApp & Turnos Peluquería,"https://www.google.com/maps/place/CLINICA+VETERINARIA+PLUTO/@-34.6162671,-58.4260646,15z/data=!4m10!1m2!2m1!1spet+shop+veterinaria+balvanera+once+caba!3m6!1s0x95bccafa85d30cc1:0xd00dcc2b93a0327d!8m2!3d-34.6162671!4d-58.4080402!15sCihwZXQgc2hvcCB2ZXRlcmluYXJpYSBiYWx2YW5lcmEgb25jZSBjYWJhWioiKHBldCBzaG9wIHZldGVyaW5hcmlhIGJhbHZhbmVyYSBvbmNlIGNhYmGSAQx2ZXRlcmluYXJpYW6aASNDaFpEU1VoTk1HOW5TMFZKUTBGblNVTjBjVnBRTVdGQkVBReABAPoBBAgAEDg!16s%2Fg%2F1wrglby_?entry=ttu&g_ep=EgoyMDI2MDkyOS4wIKXMDSoASAFQAw%3D%3D"
Pet shop y baño canino/ Free Pet,Mascotas / Pet Shop,011 7081-8915,"Comuna 11, Av. Nazca 3271, C1417CVC Cdad. Autónoma de Buenos Aires",4.8,NO,E-commerce WhatsApp & Turnos Peluquería,"https://www.google.com/maps/place/Pet+shop+y+ba%C3%B1o+canino%2F+Free+Pet/@-34.603536,-58.5300516,14z/data=!4m11!1m3!2m2!1spet+shop+villa+del+parque+caba!6e6!3m6!1s0x95bcb63b59c8a6d7:0xa00e24d3d4987d4c!8m2!3d-34.5984981!4d-58.4917332!15sCh5wZXQgc2hvcCB2aWxsYSBkZWwgcGFycXVlIGNhYmFaICIecGV0IHNob3AgdmlsbGEgZGVsIHBhcnF1ZSBjYWJhkgEJcGV0X3N0b3JlmgFEQ2k5RFFVbFJRVU52WkVOb2RIbGpSamx2VDIwME5HUnJkRlZOTTJSSlUxaGtORk5xU1hsVFZWVTFVakZrVGxKdVl4QULgAQD6AQQIMRA6!16s%2Fg%2F11vw_x21nv?entry=ttu&g_ep=EgoyMDI2MDkyOS4wIKXMDSoASAFQAw%3D%3D"
Zona Mascotas,Mascotas / Pet Shop,011 2805-1496,"Tinogasta 3289, C1417 Cdad. Autónoma de Buenos Aires",4.8,NO,E-commerce WhatsApp & Turnos Peluquería,"https://www.google.com/maps/place/Zona+Mascotas/@-34.603536,-58.5300516,14z/data=!4m11!1m3!2m2!1spet+shop+villa+del+parque+caba!6e6!3m6!1s0x95bcb7929c922099:0x7926b754b4b0b168!8m2!3d-34.6011548!4d-58.4970607!15sCh5wZXQgc2hvcCB2aWxsYSBkZWwgcGFycXVlIGNhYmFaICIecGV0IHNob3AgdmlsbGEgZGVsIHBhcnF1ZSBjYWJhkgEKZmVlZF9zdG9yZZoBJENoZERTVWhOTUc5blMwVkpRMEZuVFVOdk1IUjFSRGxSUlJBQuABAPoBBAgAEEA!16s%2Fg%2F11ll7f8s5m?entry=ttu&g_ep=EgoyMDI2MDkyOS4wIKXMDSoASAFQAw%3D%3D"
"Pet's Club. ""El club de las Mascotas""",Mascotas / Pet Shop,4828-2674,"C1417AAG, Cuenca 2550, C1417 AAH, Cdad. Autónoma de Buenos Aires",4.5,NO,E-commerce WhatsApp & Turnos Peluquería,"https://www.google.com/maps/place/Pet's+Club.+%22El+club+de+las+Mascotas%22/@-34.603536,-58.5300516,14z/data=!4m11!1m3!2m2!1spet+shop+villa+del+parque+caba!6e6!3m6!1s0x95bcb6212bd07a65:0x7043d21460dc1258!8m2!3d-34.6065771!4d-58.4911356!15sCh5wZXQgc2hvcCB2aWxsYSBkZWwgcGFycXVlIGNhYmFaICIecGV0IHNob3AgdmlsbGEgZGVsIHBhcnF1ZSBjYWJhkgEMdmV0ZXJpbmFyaWFumgEjQ2haRFNVaE5NRzluUzBWSlEwRm5TVU14TTBsSGEwTjNFQUXgAQD6AQQIABA9!16s%2Fg%2F11cm9yfcy9?entry=ttu&g_ep=EgoyMDI2MDkyOS4wIKXMDSoASAFQAw%3D%3D"
PETSHOP JACUZZICAN,Mascotas / Pet Shop,011 5045-1451,"Nogoyá 3579, C1417FNO Cdad. Autónoma de Buenos Aires",4.9,NO,E-commerce WhatsApp & Turnos Peluquería,"https://www.google.com/maps/place/PETSHOP+JACUZZICAN/@-34.603536,-58.5300516,14z/data=!4m11!1m3!2m2!1spet+shop+villa+del+parque+caba!6e6!3m6!1s0x95bcb7d0ad0ecbcd:0xc6939f8b28fad915!8m2!3d-34.6059142!4d-58.4972107!15sCh5wZXQgc2hvcCB2aWxsYSBkZWwgcGFycXVlIGNhYmFaICIecGV0IHNob3AgdmlsbGEgZGVsIHBhcnF1ZSBjYWJhkgEKZmVlZF9zdG9yZZoBJENoZERTVWhOTUc5blMwVlFWMjEzWW1wYU5DMWlXWFZCUlJBQuABAPoBBAgWEC0!16s%2Fg%2F11s199r9bg?entry=ttu&g_ep=EgoyMDI2MDkyOS4wIKXMDSoASAFQAw%3D%3D"
PET'S FOOD,Mascotas / Pet Shop,011 4588-1951,"Álvarez Jonte 2401, C1416EXJ Cdad. Autónoma de Buenos Aires",4.8,NO,E-commerce WhatsApp & Turnos Peluquería,"https://www.google.com/maps/place/PET'S+FOOD/@-34.603536,-58.5300516,14z/data=!4m11!1m3!2m2!1spet+shop+villa+del+parque+caba!6e6!3m6!1s0x95bcc9e2e5e698eb:0x4e1af3d238c46f2d!8m2!3d-34.6065776!4d-58.4763942!15sCh5wZXQgc2hvcCB2aWxsYSBkZWwgcGFycXVlIGNhYmFaICIecGV0IHNob3AgdmlsbGEgZGVsIHBhcnF1ZSBjYWJhkgEMdmV0ZXJpbmFyaWFumgEkQ2hkRFNVaE5NRzluUzBWSlEwRm5TVVJPZVRrMmFuWm5SUkFC4AEA-gEECAAQMA!16s%2Fg%2F1thxm7w0?entry=ttu&g_ep=EgoyMDI2MDkyOS4wIKXMDSoASAFQAw%3D%3D"
Acuario Willy's Pet Shop,Mascotas / Pet Shop,011 2403-9338,"Nogoyá 3397, C1417FNK Cdad. Autónoma de Buenos Aires",4.6,NO,E-commerce WhatsApp & Turnos Peluquería,"https://www.google.com/maps/place/Acuario+Willy's+Pet+Shop/@-34.603536,-58.5300516,14z/data=!4m11!1m3!2m2!1spet+shop+villa+del+parque+caba!6e6!3m6!1s0x95bcb625deb873fd:0x2153617a57fb8e7e!8m2!3d-34.6048433!4d-58.4954955!15sCh5wZXQgc2hvcCB2aWxsYSBkZWwgcGFycXVlIGNhYmFaICIecGV0IHNob3AgdmlsbGEgZGVsIHBhcnF1ZSBjYWJhkgEIYXF1YXJpdW2aASNDaFpEU1VoTk1HOW5TMFZKUTBGblNVTXhjMWxQVGxoM0VBReABAPoBBAhGEEI!16s%2Fg%2F1tfgql26?entry=ttu&g_ep=EgoyMDI2MDkyOS4wIKXMDSoASAFQAw%3D%3D"
Pet Shop Frodo,Mascotas / Pet Shop,4504-1996,"Baigorria 2320, C1417FQA C1417FQA, Cdad. Autónoma de Buenos Aires",4.1,NO,E-commerce WhatsApp & Turnos Peluquería,"https://www.google.com/maps/place/Pet+Shop+Frodo/@-34.603536,-58.5300516,14z/data=!3m1!5s0x95bcb6184b9ca3a1:0xe78b637ce44ce4b6!4m11!1m3!2m2!1spet+shop+villa+del+parque+caba!6e6!3m6!1s0x95bcb6184b8c9825:0xa833d6ba4689f130!8m2!3d-34.598215!4d-58.4832736!15sCh5wZXQgc2hvcCB2aWxsYSBkZWwgcGFycXVlIGNhYmFaICIecGV0IHNob3AgdmlsbGEgZGVsIHBhcnF1ZSBjYWJhkgEQcGV0X3N1cHBseV9zdG9yZZoBRENpOURRVWxSUVVOdlpFTm9kSGxqUmpsdlQyNWFiR015TURGWk1YQkpWVEE1YzFremNIUmhXRXBtVDFaV1RGTnJSUkFC4AEA-gEECAAQNg!16s%2Fg%2F11f1k_jt_n?entry=ttu&g_ep=EgoyMDI2MDkyOS4wIKXMDSoASAFQAw%3D%3D"
Pupipet,Mascotas / Pet Shop,011 5370-3822,"Emilio Lamarca 2036, C1407DGP Cdad. Autónoma de Buenos Aires",5.0,NO,E-commerce WhatsApp & Turnos Peluquería,"https://www.google.com/maps/place/Pupipet/@-34.603536,-58.5300516,14z/data=!4m11!1m3!2m2!1spet+shop+villa+del+parque+caba!6e6!3m6!1s0x95bcc9644d69781f:0x479a6b3c1709961a!8m2!3d-34.6133191!4d-58.4934198!15sCh5wZXQgc2hvcCB2aWxsYSBkZWwgcGFycXVlIGNhYmFaICIecGV0IHNob3AgdmlsbGEgZGVsIHBhcnF1ZSBjYWJhkgEQcGV0X3N1cHBseV9zdG9yZeABAA!16s%2Fg%2F11kf5bwl_q?entry=ttu&g_ep=EgoyMDI2MDkyOS4wIKXMDSoASAFQAw%3D%3D"
Lo de Diógenes,Mascotas / Pet Shop,011 2302-0260,"Cuenca 2695, C1417 Cdad. Autónoma de Buenos Aires",4.5,NO,E-commerce WhatsApp & Turnos Peluquería,"https://www.google.com/maps/place/Lo+de+Di%C3%B3genes/@-34.603536,-58.5300516,14z/data=!4m11!1m3!2m2!1spet+shop+villa+del+parque+caba!6e6!3m6!1s0x95bcb7d0b517e0ad:0x4d473b1e9519f82d!8m2!3d-34.6048105!4d-58.4924813!15sCh5wZXQgc2hvcCB2aWxsYSBkZWwgcGFycXVlIGNhYmFaICIecGV0IHNob3AgdmlsbGEgZGVsIHBhcnF1ZSBjYWJhkgEQcGV0X3N1cHBseV9zdG9yZeABAA!16s%2Fg%2F11l4ng6kj_?entry=ttu&g_ep=EgoyMDI2MDkyOS4wIKXMDSoASAFQAw%3D%3D"
